id,name,price,category,image
0Z1203,Perfume Corporal En Stick Jelly Ole 5 G,31400,Novedades,images/0Z1203.jpg
0Z1202,Splash Corporal Ole Sabores Colombianos 150..,27900,Novedades,images/0Z1202.jpg
0Z1201,Productos Nuevos Mantequilla Corporal Hidratante Ole 150 Ml,34900,Novedades,images/0Z1201.jpg
AN0323,Perfume Capilar Nueva Presentacion Click H..,39900,Novedades,images/AN0323.jpg
AZ0807,Rubor Duo Crema Y Polvo Vibrant Enchante Ec..,32000,Novedades,images/AZ0807.jpg
AZ0804,Rubor Halo Enchante Ec001,20000,Novedades,images/AZ0804.jpg
AZ0601,Lip Gloss Vibrant Enchante Ec021,25000,Novedades,images/AZ0601.jpg
AZ0806,Base Liquida Radiance Skin Enchante Ec004,25500,Novedades,images/AZ0806.jpg
AZ0803,Prebase Glow Booster Enchante Ec006,29500,Novedades,images/AZ0803.jpg
AZ0808,Rubor Cremoso Velvet Glow Enchante Ec009,30000,Novedades,images/AZ0808.jpg
AE1005,Kit Rutina Corporal Girly,100000,Novedades,images/AE1005.jpg
AZ0802,Corrector Flawless Touch Enchante Ec024,31000,Novedades,images/AZ0802.jpg
AZ0801,Polvo Suelto Flawless Bake Enchante Ec026,36000,Novedades,images/AZ0801.jpg
AE0424,Serum Facial Con Aloe Vera Girly,38000,Novedades,images/AE0424.jpg
AE0609,Kit Lip Combo Lip Liner Y Lip Balm Girly,41500,Novedades,images/AE0609.jpg
AE1004,Gel De Ducha Hidratante Girly,50000,Novedades,images/AE1004.jpg
AE1003,Aceite Corporal Con Glittery Girly,,Novedades,images/AE1003.jpg
AE0423,Limpiador Facial Con Aloe Vera Girly,,Novedades,images/AE0423.jpg
AE0421,Tonico Facial Con Aloe Vera Girly,,Novedades,images/AE0421.jpg
0D1233,Perfume En Barra Choco Vibes Purpure,,Novedades,images/0D1233.jpg
010107,Encrespador Miis Cosmetics Lash Precision M..,10600,Accesorios,images/010107.jpg
04011Y,He001R Encrespador Golden Rosa Atenea,12300,Accesorios,images/04011Y.jpg
04019O,Base Para Mezclar Profesional Atenea,17200,Accesorios,images/04019O.jpg
04019Z,Toalla Rollo Ref Tm1 Atenea,37000,Accesorios,images/04019Z.jpg
04019S,He113-1 Encrespador Mango Corazon (Rosa) Lula,9200,Accesorios,images/04019S.jpg
04019T,He113-2 Encrespador Mango Corazon (Lila) Lula,9200,Accesorios,images/04019T.jpg
04019W,He001P Encrespador Mango Rosado (Focus) Ate..,11300,Accesorios,images/04019W.jpg
0401AB,Encrespador Eyelash Curler He107B Atenea,9600,Accesorios,images/0401AB.jpg
0401AD,He001T Encrespador Arcoiris Focus Atenea,11300,Accesorios,images/0401AD.jpg
0401AE,He001Y Encrespador Mango Verde Atenea,9200,Accesorios,images/0401AE.jpg
0401AI,Sacapuntas Para Lápices De Madera Y Plást..,20800,Accesorios,images/0401AI.jpg
0401AK,Cosmetiquera Atenea Kc Zt01 Negra,70000,Accesorios,images/0401AK.jpg
0401AL,He107T Encrespador Tornasol Atenea,9500,Accesorios,images/0401AL.jpg
0401CB,Cosmetiquera Transparente Atenea Beige Kc-E..,78000,Accesorios,images/0401CB.jpg
0401CC,Cosmetiquera Transparente Atenea Negra Kc-E..,78000,Accesorios,images/0401CC.jpg
0401CD,Cosmetiquera Baul Duo Black Atenea Duoblack01,200300,Accesorios,images/0401CD.jpg
0401CE,Cosmetiquera Baul Duo Burgundy Atenea Dubu..,200300,Accesorios,images/0401CE.jpg
0401CF,Cosmetiquera Baul Duo Light Brown Atenea Co..,200300,Accesorios,images/0401CF.jpg
0401CH,Cosmetiquera Single Matcha Atenea Comatcha04,110600,Accesorios,images/0401CH.jpg
26018D,Cosmetiquera Glam Cuadrada Miis Cosmetics,44000,Accesorios,images/26018D.jpg
28014H,Soft Cotton Pads X50 Montoc,17000,Accesorios,images/28014H.jpg
28014I,Sacapuntas Doble Montoc,8000,Accesorios,images/28014I.jpg
28013P,Encrespador Amore Curl Montoc,15000,Accesorios,images/28013P.jpg
28013T,Paleta Mezcladora De Lujo Lp641 Montoc,25000,Accesorios,images/28013T.jpg
28014J,Tijera Para Perfilar En Punta Montoc,8000,Accesorios,images/28014J.jpg
28014N,Pinza De Pestañas Montoc,9000,Accesorios,images/28014N.jpg
28014K,Tijera Para Perfilar Con Punta Rendonda Mo..,8100,Accesorios,images/28014K.jpg
28014L,Espejo De Mano Redondo Negro Montoc,10000,Accesorios,images/28014L.jpg
28014P,Pinza Cocodrilo X2 Negras Montoc,8000,Accesorios,images/28014P.jpg
28014Q,Perfilador Para Cejas Y Rostro X2 Montoc,9200,Accesorios,images/28014Q.jpg
28014R,Encrespador De Pestañas Montoc Eyelash Cur..,14000,Accesorios,images/28014R.jpg
35012Z,Balaca En Terciopelo Generico,,Accesorios,images/35012Z.jpg
35013R,Gorro Satin Generico,14100,Accesorios,images/35013R.jpg
35012Y,Scrunchies Individual Tamaño Medio Generico,,Accesorios,images/35012Y.jpg
35013U,Scrunchie Grande En Satin Generico,6000,Accesorios,images/35013U.jpg
35013V,Scrunchie Pequena En Satin Generico,,Accesorios,images/35013V.jpg
35014X,Moñitas Caja Colores X90 R26 - 26 Generico,7000,Accesorios,images/35014X.jpg
74019Q,Cosmetiquera Mini Cloud Ani-K,26000,Accesorios,images/74019Q.jpg
740103,Encrespador Perfect Eyelas Ca415 Ani-K,15000,Accesorios,images/740103.jpg
74019O,Cosmetiquera Galaxy Ca2541 Ani-K,24000,Accesorios,images/74019O.jpg
74019R,Cepillo Deserendante Agata Ani-K Ca2615,18000,Accesorios,images/74019R.jpg
74019S,Cepillo Desenredante Ariel Ani-K Ca2600,18000,Accesorios,images/74019S.jpg
74019V,Cosmetiquera Star Ani-K Ca2644,25000,Accesorios,images/74019V.jpg
74019W,Cosmetiquera Lilo Ani-K,24000,Accesorios,images/74019W.jpg
74019Y,Espejo Rose Ani-K,15000,Accesorios,images/74019Y.jpg
74019T,Cepillo Desenredante Mantra Ani-K Ca2626,18000,Accesorios,images/74019T.jpg
74019U,Cepillo Desenrendante Serena Ani-K Ca2638,18000,Accesorios,images/74019U.jpg
900101,Encrespador C2958 Og,9800,Accesorios,images/900101.jpg
90018O,Separador De Pestañas Og,11000,Accesorios,images/90018O.jpg
90018M,Sacapuntas Doble Para Lapices De Madera Y P..,6600,Accesorios,images/90018M.jpg
AB0120,Espejo Redondo Portátil Bl-Es3876 Bloomshell,21000,Accesorios,images/AB0120.jpg
AB0121,Llavero Portacosmeticos Bloomshell Bloom Bl..,20000,Accesorios,images/AB0121.jpg
AB0125,Bloom Encrespador Fresa Rizada Bl-E04 Bloom..,16000,Accesorios,images/AB0125.jpg
AB0126,Bloom Encrespador Amor En Rizos Bl-E03 Bloo..,16000,Accesorios,images/AB0126.jpg
AB0127,Bloom Encrespador Mariposa Bl-E05 Bloomshell,16000,Accesorios,images/AB0127.jpg
AB0128,Encrespador Mini Bloom Curl Bloomshell Bles..,9500,Accesorios,images/AB0128.jpg
AB0130,Bloom Encrespador Flower Bl-E02 Bloomshell,16000,Accesorios,images/AB0130.jpg
AB0131,Bloom Encrespador Luxe Curl Bl-E01 Bloomshell,16000,Accesorios,images/AB0131.jpg
AB0132,Bloom Encrespador Purple Curl Bl-Es2925 Blo..,16000,Accesorios,images/AB0132.jpg
AB0152,Limpiador Facial Blooms Mini Fresh Bl-Ph005..,20000,Accesorios,images/AB0152.jpg
AB0156,Tijeras Para Perfilar Cejas Bl-P2800 Bloom..,8000,Accesorios,images/AB0156.jpg
AB0157,Aplicador Desechable De Labios X25 Bloomshe..,6300,Accesorios,images/AB0157.jpg
AB0159,Cosmetiquera Soft Pink Bloomshell Bl-Ls007,22400,Accesorios,images/AB0159.jpg
AB0160,Cosmetiquera Bomb Bag Acolchada Bloomshell,17000,Accesorios,images/AB0160.jpg
AB0161,Cosmetiquera Bloom Pearl Bloomshell,20000,Accesorios,images/AB0161.jpg
AB0162,Encrespador De Pestañas Bloom Amore Curl B..,12000,Accesorios,images/AB0162.jpg
AB0163,Encrespador De Pestañas Bloom Black Curl B..,12000,Accesorios,images/AB0163.jpg
040205,Kit Coral 18Pcs K12 Atenea,67500,Brochas y aplicadores,images/040205.jpg
04021I,Kit Dreamland X 6 Pcs K13 Atenea,100200,Brochas y aplicadores,images/04021I.jpg
04022W,F09 Z White Queen Gota Iluminador - Baking ..,16600,Brochas y aplicadores,images/04022W.jpg
04023E,F14 Z White Queen Plana Parpado Ppal Atenea,9800,Brochas y aplicadores,images/04023E.jpg
04023G,F15 Z White Queen Plana Parpado Glitter Pig..,,Brochas y aplicadores,images/04023G.jpg
04028I,Db11 Duo Glam 11 Brocha Difuminadora Corte ..,14800,Brochas y aplicadores,images/04028I.jpg
04028J,Db12 Duo Glam 12 Brocha Difuminadora Plana ..,14800,Brochas y aplicadores,images/04028J.jpg
04028K,Db08 Duo Glam 08 Brocha Difuminadora Atenea,14800,Brochas y aplicadores,images/04028K.jpg
04028M,Db06 Duo Glam 06 Brocha Para Iluminador/Pol..,22500,Brochas y aplicadores,images/04028M.jpg
04028Q,Db09 Duo Glam 09 Brocha Para Cejas Spooli Y..,12200,Brochas y aplicadores,images/04028Q.jpg
04028R,Db03 Duo Glam 03 Brocha Para Iluminador/Con..,32800,Brochas y aplicadores,images/04028R.jpg
04028T,Brocha Angular Para Delineado Black Gold At..,12000,Brochas y aplicadores,images/04028T.jpg
04028V,Brocha Para Base Runway Atenea Jl25,24000,Brochas y aplicadores,images/04028V.jpg
0402AS,Jl1-Brocha Para Rubor Runway Atenea,27200,Brochas y aplicadores,images/0402AS.jpg
0402AU,Jl3-Brocha Para Polvo Runway Atenea,27200,Brochas y aplicadores,images/0402AU.jpg
0402AV,Jl4-Brocha Parapolvo Runway Atenea,37200,Brochas y aplicadores,images/0402AV.jpg
0402AW,Jl5-Brocha Kabuki Para Base Runway Atenea,24200,Brochas y aplicadores,images/0402AW.jpg
0402BE,Jl13-Pincel Para Difuminar Runway Atenea,8800,Brochas y aplicadores,images/0402BE.jpg
0402BF,Jl14-Pincel Para Difuminr Runway Atenea,10500,Brochas y aplicadores,images/0402BF.jpg
0402BG,Jl15-Pincel Para Delinear Runway Atenea,8800,Brochas y aplicadores,images/0402BG.jpg
0402BH,Jl16- Pincel Para Delineado Runway Atenea,8800,Brochas y aplicadores,images/0402BH.jpg
0402BJ,Jl18-Pincel Para Contorno Runway Atenea,17300,Brochas y aplicadores,images/0402BJ.jpg
0402BM,Brocha Iluminador Runway Jl20 Atenea,12200,Brochas y aplicadores,images/0402BM.jpg
0402BO,Pincel Difuminador/ Iluminador Runway Jl22 ..,11900,Brochas y aplicadores,images/0402BO.jpg
0402BQ,Pincel Difuminador/ Contorno Runway Jl24 At..,12100,Brochas y aplicadores,images/0402BQ.jpg
0402BR,Mini Esponja De Maquillaje X 3 Pcs Atenea,12000,Brochas y aplicadores,images/0402BR.jpg
0402BW,Kit De Brochas Glam Rose X8 Kitat9 Atenea,75800,Brochas y aplicadores,images/0402BW.jpg
0402BX,Kit De Brochas Flawless Basic X12 Kitat3 At..,120950,Brochas y aplicadores,images/0402BX.jpg
0402CB,Ee21 Black Gold 21 - Pincel Difuminador Ate..,10500,Brochas y aplicadores,images/0402CB.jpg
0402CD,Ee23 Black Gold 23 - Pincel Difuminador Ate..,10500,Brochas y aplicadores,images/0402CD.jpg
0402CF,Ee26 Black Gold 26 - Pincel Cejas / Delinea..,10400,Brochas y aplicadores,images/0402CF.jpg
0402CH,Ee28 Black Gold 28 - Pincel Dúo Cejas Atenea,15600,Brochas y aplicadores,images/0402CH.jpg
0402CN,Ee12 Black Gold 12 - Brocha Dúo Atenea,20800,Brochas y aplicadores,images/0402CN.jpg
0402CP,Ee14 Black Gold 14 - Brocha Corrector / Ilu..,13900,Brochas y aplicadores,images/0402CP.jpg
0402CQ,Ee15 Black Gold 15 - Pincel Difuminador Ate..,14650,Brochas y aplicadores,images/0402CQ.jpg
0402CR,Ee16 Black Gold 16 - Pincel Difuminador Ate..,12200,Brochas y aplicadores,images/0402CR.jpg
0402CT,Ee18 Black Gold 18 - Pincel Difuminador Ate..,13800,Brochas y aplicadores,images/0402CT.jpg
0402CU,Ee19 Black Gold 19 - Pincel Difuminador Ate..,11300,Brochas y aplicadores,images/0402CU.jpg
0402CV,Ee20 Black Gold 20 - Pincel Difuminador Ate..,12200,Brochas y aplicadores,images/0402CV.jpg
0402CW,Ee24 Black Gold 24 - Pincel Plano Atenea,10400,Brochas y aplicadores,images/0402CW.jpg
0402CX,Ee01 Black Gold 01 - Brocha Polvo Grande At..,34600,Brochas y aplicadores,images/0402CX.jpg
0402CY,Ee02 Black Gold 02 - Brocha Polvo Mediana A..,30200,Brochas y aplicadores,images/0402CY.jpg
0402DA,Ee06 Black Gold 06 - Brocha Corrector Atenea,23300,Brochas y aplicadores,images/0402DA.jpg
0402DB,Ee07 Black Gold 07 - Brocha Contorno Atenea,26800,Brochas y aplicadores,images/0402DB.jpg
0402DC,Ee08 Black Gold 08 - Brocha Contorno / Base..,26800,Brochas y aplicadores,images/0402DC.jpg
0402DD,Ee09 Black Gold 09 - Brocha Contorno Atenea,27600,Brochas y aplicadores,images/0402DD.jpg
0402DF,Puffx3Pq Borla Triangular Para Polvo*3 Atenea,7300,Brochas y aplicadores,images/0402DF.jpg
0D0208,Brocha Para Polvo Pequeña Purpure Abm4-011,13000,Brochas y aplicadores,images/0D0208.jpg
0D0209,Brocha Para Polvos Purpure Abm4-010,15000,Brochas y aplicadores,images/0D0209.jpg
0D0210,Brocha Para Rubor Purpure Abm4-012,13000,Brochas y aplicadores,images/0D0210.jpg
26026H,Brocha Para Cejas 2 En 1 Cosmos Miis Cosmet..,11200,Brochas y aplicadores,images/26026H.jpg
26026L,Brocha Puntual Profesional Miis Cosmetics ..,6000,Brochas y aplicadores,images/26026L.jpg
26026M,Brocha Plana Miis Cosmetics Bm09,6000,Brochas y aplicadores,images/26026M.jpg
280244,Kit De Brochas Purple Lovely X15 Lp607 Montoc,109000,Brochas y aplicadores,images/280244.jpg
28024X,Blender Diamond Lp019 Montoc,12600,Brochas y aplicadores,images/28024X.jpg
280253,Make Up Sponge Blender Rombo Lp624 Montoc,11200,Brochas y aplicadores,images/280253.jpg
280254,Make Up Sponge Blender Trompo Lp625 Montoc,11200,Brochas y aplicadores,images/280254.jpg
280255,Make Up Sponge Borla Corazon Lp622 Montoc,3200,Brochas y aplicadores,images/280255.jpg
280275,Kit De Brochas Viajero Nude Lp660 Montoc,66000,Brochas y aplicadores,images/280275.jpg
280279,Kit De Brochas Montoc,60000,Brochas y aplicadores,images/280279.jpg
280280,Brocha Individual Doble B66 Montoc,20000,Brochas y aplicadores,images/280280.jpg
280282,Brocha Individual B14 Montoc,12000,Brochas y aplicadores,images/280282.jpg
280285,Brocha Cejas Montoc B44 Cerdas Rigidas,12000,Brochas y aplicadores,images/280285.jpg
280287,Borla Corazon Montoc X3 Lp622,10000,Brochas y aplicadores,images/280287.jpg
280289,Brocha Doble Humide Polvo B72 Montoc,34000,Brochas y aplicadores,images/280289.jpg
280291,Brocha Doble Humide Sculpting B74 Montoc,28000,Brochas y aplicadores,images/280291.jpg
280292,Kit De Brochas Viajero Purple Sol Montoc Lp..,60000,Brochas y aplicadores,images/280292.jpg
280293,Brocha Individual Corrector B71 Montoc,12000,Brochas y aplicadores,images/280293.jpg
280296,Brocha Base Individual B38 Montoc,24000,Brochas y aplicadores,images/280296.jpg
2802AB,Aplicador De Labios Desechables X50 Montoc ..,14000,Brochas y aplicadores,images/2802AB.jpg
2802AC,Aplicador De Pestañas Desechable X50 Monto..,14000,Brochas y aplicadores,images/2802AC.jpg
2802AF,Brocha Difuminadora Grande B28 Montoc,8000,Brochas y aplicadores,images/2802AF.jpg
31025B,Brocha Para Cejas Profesional Pf-102 Pfiferry,5000,Brochas y aplicadores,images/31025B.jpg
4902AA,Brocha Individual Gota P110 Trendy,10000,Brochas y aplicadores,images/4902AA.jpg
71029I,Kl11 Set De Brochas Candy X 30 Pcs Lula,161300,Brochas y aplicadores,images/71029I.jpg
71029J,Kl10 Set De Brochas Stone X 30 Pcs Lula,144500,Brochas y aplicadores,images/71029J.jpg
71029M,Kit De Brochas X 10 Pcs Academy Lula,64200,Brochas y aplicadores,images/71029M.jpg
71029U,Kit De Brochas Uva X14 Lula,95200,Brochas y aplicadores,images/71029U.jpg
71029W,Kit De Brochas Eclipse Kl2 Lula X 10 Pcs,51700,Brochas y aplicadores,images/71029W.jpg
71029Y,Kit De Brochas Pink Travel X6 Kitat7 Atenea,65450,Brochas y aplicadores,images/71029Y.jpg
7102AB,Borla Circular Puff Lula X4 Refate-Pclx4,13800,Brochas y aplicadores,images/7102AB.jpg
730201,Blender Ruby Rose,17200,Brochas y aplicadores,images/730201.jpg
740202,Beauty Blender Ani-K,8000,Brochas y aplicadores,images/740202.jpg
740206,Brocha Para Base Ak2 Ani-K,22000,Brochas y aplicadores,images/740206.jpg
740209,Brocha-Pincel Ak8 Ani-K,11000,Brochas y aplicadores,images/740209.jpg
740211,Set Pinceles Ca1937 De Ojos Ani-K,20000,Brochas y aplicadores,images/740211.jpg
740212,Ak23 Brocha Kabuki Ani-K,20000,Brochas y aplicadores,images/740212.jpg
740214,Beauty Blender Biselado Ca2279 Ani-K,8000,Brochas y aplicadores,images/740214.jpg
740285,Brocha Mini Ca2477 Iconik Ani-K,19000,Brochas y aplicadores,images/740285.jpg
900204,Brocha Doble Polvo Y Rubor Bd01 Og,34000,Brochas y aplicadores,images/900204.jpg
900205,Brocha Doble Contorno Y Base Bd02 Og,30000,Brochas y aplicadores,images/900205.jpg
900206,Brocha Multiproposito Bd03 Og,19000,Brochas y aplicadores,images/900206.jpg
900207,Brocha Corrector Bd04 Og,11000,Brochas y aplicadores,images/900207.jpg
900208,Brocha Doble De Cejas Bd05 Og,9000,Brochas y aplicadores,images/900208.jpg
900209,Brocha Doble De Ojos Lengua De Gato Y Difum..,9000,Brochas y aplicadores,images/900209.jpg
AB0204,Borla Terciopelo Bl-B0104 Bloomshell,21000,Brochas y aplicadores,images/AB0204.jpg
AB0256,Borla Puff Bloom Love Bloomshell,4000,Brochas y aplicadores,images/AB0256.jpg
AE0201,L Shampoo Para Brochas Y Esponjas 290Ml Girly,33000,Brochas y aplicadores,images/AE0201.jpg
AP0201,Set De Brochas Majikal,65800,Brochas y aplicadores,images/AP0201.jpg
040305,Gorro De Baño Lula Ga-168,2000,Cabello,images/040305.jpg
0D0302,Supergirl Blower Termoprotector 250Ml Purpure,25400,Cabello,images/0D0302.jpg
0D038P,Locion Cabello Vainilla Cake Abm-Lc0 Purpure,22000,Cabello,images/0D038P.jpg
0D038S,Locion Capilar 100 Ml Purpure,22000,Cabello,images/0D038S.jpg
0G0301,Shampoo Con Aloe Vera Para Cabello Graso 50..,40000,Cabello,images/0G0301.jpg
0G0302,Shampoo Con Gusano De Seda Para Cabello Sec..,40000,Cabello,images/0G0302.jpg
0G0303,Shampoo De Cebolla 500 Ml Anyeluz,45000,Cabello,images/0G0303.jpg
0G0304,Shampoo Anticaspa 400 Ml Anyeluz,40000,Cabello,images/0G0304.jpg
0G0305,Acondicionador De Argán Y Aloe Vera 500 Ml..,40000,Cabello,images/0G0305.jpg
0G0306,Tratamiento Capilar Nutritivo 500 Ml Anyeluz,45000,Cabello,images/0G0306.jpg
0G0307,Terapia Capilar De Crecimiento Con Cebolla ..,42000,Cabello,images/0G0307.jpg
0G0308,Óleo Antiedad 120 Ml Anyeluz,70000,Cabello,images/0G0308.jpg
0G0309,Tónico Anticaida Y Anticaspa 50 Ml Anyeluz,70000,Cabello,images/0G0309.jpg
0G0310,Óleo Capilar De Argán 100 Ml Anyeluz,65000,Cabello,images/0G0310.jpg
0G0311,Coctel De Frutas 450 Ml Anyeluz,48000,Cabello,images/0G0311.jpg
0G0312,Crema Para Peinar 250 Ml Anyeluz,35000,Cabello,images/0G0312.jpg
0G0317,Termoprotector Blindagem 250Ml Anyeluz,45000,Cabello,images/0G0317.jpg
0G0318,Shampoo Con Romero 500Ml Anyeluz,45000,Cabello,images/0G0318.jpg
0G0319,Shampoo Con Aguacate 500Ml Anyeluz,40000,Cabello,images/0G0319.jpg
0G0320,Acondicionador De Cebolla Anyeluz,40000,Cabello,images/0G0320.jpg
0G0321,Acondicionador De Romero Anyeluz,40000,Cabello,images/0G0321.jpg
0G0322,Bioterapia Capilar Con Romero Anyeluz,42000,Cabello,images/0G0322.jpg
0G0323,Potencializador Con Romero Anyeluz,45000,Cabello,images/0G0323.jpg
0G0327,Perfume Capilar Pink Anyeluz,55000,Cabello,images/0G0327.jpg
0G0328,Perfume Capilar Purple Anyeluz,55000,Cabello,images/0G0328.jpg
0G0329,Shampoo Seco Anyeluz,42000,Cabello,images/0G0329.jpg
0G0330,Shampoo Con Ginseng Anyeluz,42000,Cabello,images/0G0330.jpg
0G0331,Acondicionador Con Ginseng Anyeluz,40000,Cabello,images/0G0331.jpg
0G0332,Acondicionador Con Banano Anyeluz,36000,Cabello,images/0G0332.jpg
0G0333,Crema Para Peinar Con Banano Anyeluz,38000,Cabello,images/0G0333.jpg
0G0334,Mascarilla Nutritiva Banano Anyeluz,46700,Cabello,images/0G0334.jpg
0G0335,Shampoo Con Banano Anyeluz,40000,Cabello,images/0G0335.jpg
0G0336,Shampoo Coctel Frutal Anyeluz,40000,Cabello,images/0G0336.jpg
0G0338,Shampoo Con Café Anyeluz,40000,Cabello,images/0G0338.jpg
0G0339,Tratamiento Reparador Anyeplex Anyeluz,55000,Cabello,images/0G0339.jpg
0G0341,Acondicionador Afro Y Curly Anyeluz,48000,Cabello,images/0G0341.jpg
0G0342,Tratamiento Afro Y Curly Anyeluz,50000,Cabello,images/0G0342.jpg
0G0344,Gel Definidor De Rizos Afro & Curly Anyeluz..,45000,Cabello,images/0G0344.jpg
0G0346,Shampoo Liso En Casa Línea Profesional Any..,70000,Cabello,images/0G0346.jpg
0G0347,Acondicionador Liso En Casa Línea Profesio..,70000,Cabello,images/0G0347.jpg
0G0348,Tratamiento Capilar Liso En Casa Anyeluz 4..,64000,Cabello,images/0G0348.jpg
0G0349,Mascarilla Capilar Reparadora Anyeluz X2,564000,Cabello,images/0G0349.jpg
0L0303,Shampoo De Cebolla (500 Ml) Kaba,50700,Cabello,images/0L0303.jpg
0L0305,Bio Mascarilla Capilar (500 Ml) Kaba,50700,Cabello,images/0L0305.jpg
0L0306,Shampoo Revitalizante 230Ml Kaba,50000,Cabello,images/0L0306.jpg
0L0314,Perfume Para El Cabello 120Ml Nueva Present..,50000,Cabello,images/0L0314.jpg
0L0315,Tratamiento Capilar Repolarizador 230 Ml Nu..,50000,Cabello,images/0L0315.jpg
0L0316,Acondicionador Kaba Sos Reparacion Cabello ..,80000,Cabello,images/0L0316.jpg
0L0317,Shampoo Kaba Sos Reparacion 450Ml,80000,Cabello,images/0L0317.jpg
0L0318,Tratamiento Kaba Sos Reparacion Mascarilla ..,80000,Cabello,images/0L0318.jpg
0L0319,Keratina Alisadora Progresiva Kaba 500Ml,129999,Cabello,images/0L0319.jpg
0L0320,Keratina Alisadora Progresiva Kaba 250Ml,79999,Cabello,images/0L0320.jpg
0M0304,Aceite Reparador De Puntas 30Ml La Receta Cbd,35000,Cabello,images/0M0304.jpg
0M0305,Tónico Capilar Para Cabello Y Barba 120Ml ..,44999,Cabello,images/0M0305.jpg
0Y0303,Perfume Termoprotector Ritual Botanico Rosa..,27900,Cabello,images/0Y0303.jpg
0Y0304,Keratina Ritual Botánico Organica Litro 10..,131000,Cabello,images/0Y0304.jpg
0Y0305,Shampoo Control Grasa 400Ml Ritual Botanico,37900,Cabello,images/0Y0305.jpg
0Y0306,Shampoo Cebolla Sos Ritual Botanico 400Ml,37900,Cabello,images/0Y0306.jpg
0Y0307,Tratamiento Aguacate Intensivo Ritual Botan..,37900,Cabello,images/0Y0307.jpg
0Y0308,Shampoo Aji Control Caspa Ritual Botanico 4..,37900,Cabello,images/0Y0308.jpg
0Y0336,Mascarilla Bomba Botánica S.O.S Ritual Bot..,36900,Cabello,images/0Y0336.jpg
0Y0337,Perfume Termoprotector Ritual Botanico 120M..,27900,Cabello,images/0Y0337.jpg
0Y0338,Duo Perfume Termoprotector 120 Ml Ritual Bo..,41900,Cabello,images/0Y0338.jpg
0Y0341,Keratina 120Ml Ritual Botanico Nueva Presen..,37000,Cabello,images/0Y0341.jpg
0Y0342,Keratina 250Ml Ritual Botanico,60000,Cabello,images/0Y0342.jpg
0Y0343,Tratamiento De Jalea Real Ritual Botanico 4..,36900,Cabello,images/0Y0343.jpg
0Y0344,Shampoo De Jalea Real Ritual Botanico 400 Ml,37900,Cabello,images/0Y0344.jpg
0Y038M,Duo Mini Perfume Termoprotector Cabello Rit..,,Cabello,images/0Y038M.jpg
0Z0303,Shampoo Revitalizante De Arroz Ole,39900,Cabello,images/0Z0303.jpg
0Z0304,Shampoo Mix De Frutas Ole,39900,Cabello,images/0Z0304.jpg
0Z0305,Shampoo 2 En 1 Vinagre De Manzana Ole,39900,Cabello,images/0Z0305.jpg
0Z0306,Acondicionador Algodon Y Coco Ole,37900,Cabello,images/0Z0306.jpg
0Z0308,Termoprotector Desenrredante Ole,44900,Cabello,images/0Z0308.jpg
0Z0309,Tratamiento Pulpa De Coco Ole,40000,Cabello,images/0Z0309.jpg
0Z0311,Tratamiento Proteina De Arroz Ole,40000,Cabello,images/0Z0311.jpg
0Z0314,Oleo Frutal Bifasico De Uchuva Ole,34900,Cabello,images/0Z0314.jpg
0Z0315,Tonico Capilar Aguita De Arroz Ole,42000,Cabello,images/0Z0315.jpg
0Z0320,Stick Con Color Capilar Cera En Barra Fijad..,37000,Cabello,images/0Z0320.jpg
0Z0323,Anti-Humedad 60Ml Ole,35000,Cabello,images/0Z0323.jpg
0Z0324,Pestañina Capilar Antifrizz Emergency Ole,25900,Cabello,images/0Z0324.jpg
0Z0325,Frizz Emergency Colapsible Ole,28900,Cabello,images/0Z0325.jpg
0Z0327,Perfume Capilar Ole 25Ml,2600,Cabello,images/0Z0327.jpg
0Z0328,Tratamiento Reparador De Frutas Ole 300Ml Cabello,40900,Cabello,images/0Z0328.jpg
0Z0329,Mini Termoprotector 110Ml Ole,22900,Cabello,images/0Z0329.jpg
0Z0330,Perfume Capilar Con Olor A Galleta Colecciã..,24900,Cabello,images/0Z0330.jpg
0Z0338,Acondicionador De Arroz Hidratacion Y Creci..,37900,Cabello,images/0Z0338.jpg
0Z0339,Acondicionador Antigrasa Con Jengibre Ole,41000,Cabello,images/0Z0339.jpg
170303,L Tinte Capilar Permanente Cor Intensa Garnier,16000,Cabello,images/170303.jpg
170304,Mascarilla Hair Food Coco Reparación Garnier,40300,Cabello,images/170304.jpg
170306,Tinte Nutrisse Oleos Garnier,35000,Cabello,images/170306.jpg
170307,Mascarilla Capilar Hair Food Aguacate Nutri..,42300,Cabello,images/170307.jpg
350301,Tubo Rizador Sin Calor Generico,18000,Cabello,images/350301.jpg
350305,Got2B Glued Gel Cejas - Cabello X35 G Amari..,28000,Cabello,images/350305.jpg
71039J,Gorro Baño Comfort Lula Gd-01,2500,Cabello,images/71039J.jpg
71039Y,Cepillo Masajeador Capilar Con Mango Lula,17800,Cabello,images/71039Y.jpg
71039Z,Cepillo Desenredante Beige Lula,17000,Cabello,images/71039Z.jpg
AB0310,Cepillo Antifriz Bloomshel Bl-Tw002,10000,Cabello,images/AB0310.jpg
AC0301,Shampoo De Reparacion 440Ml La Pocion,40000,Cabello,images/AC0301.jpg
AC0303,Dual Crema Para Peinar La Pocion,40000,Cabello,images/AC0303.jpg
AC0304,Ancestral Mascarilla Para El Cabello La Poc..,40000,Cabello,images/AC0304.jpg
AC0306,Óleo B8 Brillo Infinito La Pocion,48900,Cabello,images/AC0306.jpg
AC0307,Termoprotector B8 La Pocion,48900,Cabello,images/AC0307.jpg
AC0308,Praia Perfume Capilar La Pocion,41900,Cabello,images/AC0308.jpg
AC0309,Boreal Perfume Capilar La Pocion,41900,Cabello,images/AC0309.jpg
AC0310,Shampoo Para Rizos Tongolé La Pocion,42000,Cabello,images/AC0310.jpg
AC0311,Tratamiento Para Rizos Tongolé La Pocion,42000,Cabello,images/AC0311.jpg
AC0312,Leave On Tongolé (Crema Para Peinar) La Po..,42000,Cabello,images/AC0312.jpg
AC0315,Bite Me Suplemento Capilar La Pocion,42000,Cabello,images/AC0315.jpg
AC0318,Shampoo Crecimiento Y Caida La Pocion,48900,Cabello,images/AC0318.jpg
AC0319,Shampoo Control Grasa La Pocion,,Cabello,images/AC0319.jpg
AC0324,Booster Tratamiento Capilar La Pocion,37900,Cabello,images/AC0324.jpg
AC0325,Sport Ultra Acondicionador 250Ml - Tratam..,46900,Cabello,images/AC0325.jpg
AC0326,Shampoo Kids La Pocion 450Ml,36900,Cabello,images/AC0326.jpg
AC0327,Acondicionador Kids La Pocion 450 Ml,36900,Cabello,images/AC0327.jpg
AC0329,Shampoo Control Caspa La Pocion 450Ml,44900,Cabello,images/AC0329.jpg
AC0330,Tonico Control Caspa La Pocion 70Ml,40900,Cabello,images/AC0330.jpg
AC0331,Kit Sachet Pocion Go X4,26000,Cabello,images/AC0331.jpg
AC0332,Acondicionador Control Caspa La Pocion,41900,Cabello,images/AC0332.jpg
AM0301,Mascarilla Milagros Herbal Milagros,38900,Cabello,images/AM0301.jpg
AM0302,Shampoo Ultranutritivo Premium Milagros,35900,Cabello,images/AM0302.jpg
AM0303,Shampoo Milagro Herbal Milagros,35900,Cabello,images/AM0303.jpg
AM0304,Shampoo Emergencia Capilar Milagros,35900,Cabello,images/AM0304.jpg
AM0305,Shampoo Anticaspa Milagros,35900,Cabello,images/AM0305.jpg
AM0306,Shampoo Kids Milagros,35900,Cabello,images/AM0306.jpg
AM0307,Shampoo Magia Capilar Milagros,35900,Cabello,images/AM0307.jpg
AM0308,Biorepolarizador Capilar Milagros,36900,Cabello,images/AM0308.jpg
AM0309,Acondicionador Milagro Herbal Milagros,36900,Cabello,images/AM0309.jpg
AM0310,Tratamiento Magia Capilar Milagros,36900,Cabello,images/AM0310.jpg
AM0311,Tratamiento Emergencia Capilar Milagros,36900,Cabello,images/AM0311.jpg
AM0312,Tratamiento De Frutas Milagros,36900,Cabello,images/AM0312.jpg
AM0313,Terapia Nutricion Y Crecimiento Rizos Milag..,36900,Cabello,images/AM0313.jpg
AM0314,Desenredante Martina Milagros Milagros,33900,Cabello,images/AM0314.jpg
AM0315,Desenredante Termoprotector Gold Milagros,33900,Cabello,images/AM0315.jpg
AM0316,Mascarilla Profesional Reparacion Intensiva..,75900,Cabello,images/AM0316.jpg
AM0317,Gotas Mágicas X 60Ml Milagros,29900,Cabello,images/AM0317.jpg
AM0318,Tónico Milagro Herbal Milagros,49900,Cabello,images/AM0318.jpg
AM0319,Serum Ritual Botanico Revitalizante Milagros,34900,Cabello,images/AM0319.jpg
AM0320,Perfume Bali Milagros,33900,Cabello,images/AM0320.jpg
AM0321,Perfume Capilar Y Corporal Majestuosa Milag..,33900,Cabello,images/AM0321.jpg
AM0322,Perfume Irresistible Milagros,33900,Cabello,images/AM0322.jpg
AM0323,Perfume Sublime Milagros,33900,Cabello,images/AM0323.jpg
AM0324,Perfume Martina Milagros,33900,Cabello,images/AM0324.jpg
AM0325,Doypack Acondicionador Herbal Milagros,13900,Cabello,images/AM0325.jpg
AM0326,Doypack Shampo Emergencia Milagros,12900,Cabello,images/AM0326.jpg
AM0327,Doypack Shampo Magia Milagros,10000,Cabello,images/AM0327.jpg
AM0328,Doypack Tratamiento Emergencia Milagros,13900,Cabello,images/AM0328.jpg
AM0330,Doypack Tratamiento Frutas Milagros,13900,Cabello,images/AM0330.jpg
AM0331,Mascarilla Multivitaminica Milagros,43500,Cabello,images/AM0331.jpg
AM0332,Shampoo De Arroz Milagros,33000,Cabello,images/AM0332.jpg
AM0333,Acondicionador De Arroz Milagros,33000,Cabello,images/AM0333.jpg
AM0334,Cera Fijadora De Cabello Hair Wax Milagros,39900,Cabello,images/AM0334.jpg
AM0335,Kit Miniperfumes Milagros,49900,Cabello,images/AM0335.jpg
AM0336,Perfume Gold Milagros,33900,Cabello,images/AM0336.jpg
AM0338,Doy Pack Bio Repolarizador Milagros,13900,Cabello,images/AM0338.jpg
AM0339,Doy Pack Kids Milagros,10000,Cabello,images/AM0339.jpg
AM0340,Ampolleta Rescate Instantáneo (Azul) Milag..,13900,Cabello,images/AM0340.jpg
AM0341,Ampolleta Elixir Revitalizante (Rosa) Milag..,13900,Cabello,images/AM0341.jpg
AM0343,Acondicionador Ultranutritivo Premium Milag..,36900,Cabello,images/AM0343.jpg
AM0344,Shampoo En Seco Voluminizador Milagros 175Ml,37000,Cabello,images/AM0344.jpg
AM0346,Desenredante Morado Milagros Milagros,33900,Cabello,images/AM0346.jpg
AM0347,Shampoo Exfoliante Milagros Capilar 200Gr A..,33900,Cabello,images/AM0347.jpg
AM0348,Cepillo Milagros Antienredos Morado Pt074,24000,Cabello,images/AM0348.jpg
AM0349,Acondicionador De Cebolla Milagros,36900,Cabello,images/AM0349.jpg
AM0350,Shampoo De Cebolla Milagros,39900,Cabello,images/AM0350.jpg
AM0351,Mascarilla De Cebolla Milagros 450Ml,38900,Cabello,images/AM0351.jpg
AM0352,Litro Bio Repolarizador Milagros,76900,Cabello,images/AM0352.jpg
AM0353,Doy Pack Tratamiento Herbal Milagros 100G,14000,Cabello,images/AM0353.jpg
AM0354,Miniperfume Bali Milagros 30Ml,12900,Cabello,images/AM0354.jpg
AM0355,Miniperfume Irresistible Milagros 30Ml,12900,Cabello,images/AM0355.jpg
AM0357,Mini Shampoo De Cebolla Milagr0S 100Ml,15000,Cabello,images/AM0357.jpg
AM0358,Mini Acondicionador De Cebolla Milagros 100Ml,15000,Cabello,images/AM0358.jpg
AM0359,Mini Biorepolarizador Milagros 100Ml,15000,Cabello,images/AM0359.jpg
AM0360,Mini Acondicionador Ultranutritivo Milagros..,15000,Cabello,images/AM0360.jpg
AM0361,Shampoo Biorepolarizador Milagros 450 Ml,35900,Cabello,images/AM0361.jpg
AM0362,Shampoo Ultranutritivo Mini Milagros 100Ml,15000,Cabello,images/AM0362.jpg
AM0363,Mini Shampoo Emergencia Capilar Milagros 10..,15000,Cabello,images/AM0363.jpg
AM0364,Mini Acondicionador Herbal Milagros 100Ml,15000,Cabello,images/AM0364.jpg
AM0365,Mini Tratamiento De Frutas Milagros 100Ml,15000,Cabello,images/AM0365.jpg
AN0302,Tonico Capilar Pelinex 120Ml Click Hair,64000,Cabello,images/AN0302.jpg
AN0304,Energizante Capilar 300Ml Click Hair,45900,Cabello,images/AN0304.jpg
AN0306,Mascarilla De Miel Brillo Intenso 300Ml Cli..,51900,Cabello,images/AN0306.jpg
AN0307,Shampoo De Miel Brillo Intenso 300Ml Click ..,45900,Cabello,images/AN0307.jpg
AN0310,Perfume Para El Cabello 120Ml Click Hair,47900,Cabello,images/AN0310.jpg
AN0311,Kit Mini Perfumes Dulces 40Ml X 3 Unidades ..,48900,Cabello,images/AN0311.jpg
AN0312,Perfume Capilar De Miel Brillo Intenso 100M..,59900,Cabello,images/AN0312.jpg
AN0313,Shampoo De Aji 300Ml Click Hair,45900,Cabello,images/AN0313.jpg
AN0317,Acondicionador De Miel 300Ml Click Hair,44900,Cabello,images/AN0317.jpg
AN0318,Perfume De Miel Y Pistacho Click Hair 100 Ml,59900,Cabello,images/AN0318.jpg
AN0319,Perfume De Miel Y Masmelo Click Hair 100 Ml,59900,Cabello,images/AN0319.jpg
AN0321,Mini Miel Para El Cabello Click Hair 20Ml,29900,Cabello,images/AN0321.jpg
AN0322,Termoprotector Bifásico Leche Y Miel Click..,49900,Cabello,images/AN0322.jpg
AQ0301,Tratamiento Capilar Ponto Hidratacion 3 En ..,44600,Cabello,images/AQ0301.jpg
AQ0302,Tratamiento Capilar Ponto Nutricion 3 En 1 ..,44600,Cabello,images/AQ0302.jpg
AQ0303,Tratamiento Capilar Ponto Reparacion 3 En 1..,44600,Cabello,images/AQ0303.jpg
AQ0304,Ponto Shampoo Suave Aloe Vera 300Ml,32600,Cabello,images/AQ0304.jpg
AQ0306,Crema Para Peinar Ponto Ondulada Y Crespa 3..,32600,Cabello,images/AQ0306.jpg
AQ0307,Crema Para Peinar Ponto Afro 300Ml,32600,Cabello,images/AQ0307.jpg
AQ0310,Crema Gel Ponto Hd Afro Hold Fijacion Fuert..,53800,Cabello,images/AQ0310.jpg
AQ0311,Serum Antifrizz Ponto Boom 60Ml,17000,Cabello,images/AQ0311.jpg
AQ0312,Serum Antifrizz Ponto Boom 120Ml,26600,Cabello,images/AQ0312.jpg
AQ0313,Tratamiento 3 En 1 Ponto Mi Dulce Pelo Soy ..,39000,Cabello,images/AQ0313.jpg
AQ0314,Tratamiento 3 En 1 Ponto Mi Dulce Pelo Soy ..,39000,Cabello,images/AQ0314.jpg
AQ0315,Tratamiento 3 En 1 Ponto Mi Dulce Pelo Soy ..,39000,Cabello,images/AQ0315.jpg
AQ0316,Gel Baby Hair Ponto 10Ml,19000,Cabello,images/AQ0316.jpg
AQ0319,Shampoo Chantilly Ponto 90Ml,25000,Cabello,images/AQ0319.jpg
AQ0320,Shampoo Chantilly Ponto 150Ml,35000,Cabello,images/AQ0320.jpg
AQ0321,Shampo En Seco Minisigui Ponto 90Ml,25000,Cabello,images/AQ0321.jpg
AQ0323,Oleo Capilar Para Brillo Hidroleos Frutos V..,39000,Cabello,images/AQ0323.jpg
AQ0324,Oleo Capilar Reparador Hidroleo Frutos Rojo..,39000,Cabello,images/AQ0324.jpg
AQ0325,Oleo Capilar Nutritivo Hidroleo Fruto Amar..,39000,Cabello,images/AQ0325.jpg
AQ0328,Gel Tratamiento Capilar Full Hd Nivel Liso ..,49000,Cabello,images/AQ0328.jpg
AQ0329,Gel Tratamiento Capilar Full Hd Que Onda 4..,49000,Cabello,images/AQ0329.jpg
AQ0331,Sachet Shampoo Recupera Tus Rizos Ponto Hair,11000,Cabello,images/AQ0331.jpg
AQ0332,Sachet Tratamiento Capilar 3 En 1 Hidrataci..,7000,Cabello,images/AQ0332.jpg
AQ0333,Sachet Gel Definidor De Rizos Y Crespos Pon..,17000,Cabello,images/AQ0333.jpg
AQ0334,Sachet Tratamiento 3 En 1 Reparación Pont..,7000,Cabello,images/AQ0334.jpg
AQ0335,Sachet Tratamiento Capilar 3 En 1 Nutrició..,7000,Cabello,images/AQ0335.jpg
AQ0336,Sachet Crema Para Peinar Ondulada Y Crespa ..,11000,Cabello,images/AQ0336.jpg
AQ0337,Sachet Crema Para Peinar Afro Ponto Hair,12000,Cabello,images/AQ0337.jpg
AQ0338,Doypack Gel Tratamiento Capilar 4 En 1 Full..,7000,Cabello,images/AQ0338.jpg
AQ0339,Doypack Gel Tratamiento Capilar 4 En 1 Full..,7000,Cabello,images/AQ0339.jpg
AQ0340,Doypack Gel Tratamiento Capilar 4 En 1 Full..,7000,Cabello,images/AQ0340.jpg
AQ0342,Doypack Gel Tratamiento Capilar 4 En 1 Full..,7000,Cabello,images/AQ0342.jpg
AR0301,Mascarilla Capilar Skala Mas Rizos 1000G,30000,Cabello,images/AR0301.jpg
AR0305,Crema Para Peinar Y Mascarilla Skala Divino..,30000,Cabello,images/AR0305.jpg
AR0306,Mascarilla Capilar Skala Mais Lisos 1000G,30000,Cabello,images/AR0306.jpg
AR0307,Mascarilla Capilar Skala Expert Divino Pota..,30000,Cabello,images/AR0307.jpg
AR0308,Mascarilla Capilar Infantil Skala Expert Ma..,30000,Cabello,images/AR0308.jpg
AR0312,Mascarilla Capilar Skala Aguacate 1000G,30000,Cabello,images/AR0312.jpg
AR0314,Gelatina Capilar Skala Cachos 1000G,40150,Cabello,images/AR0314.jpg
AR0316,Mascarilla Capilar Skala Coco Frutastica 10..,30000,Cabello,images/AR0316.jpg
AR0317,Mascarilla Capilar Skala Melancia Frutastic..,30000,Cabello,images/AR0317.jpg
AR0318,Mascarilla Capilar Skala Srawberry Frutasti..,30000,Cabello,images/AR0318.jpg
AR0319,Mascarilla Capilar Skala Uva Frutastica 1000G,30000,Cabello,images/AR0319.jpg
AR0320,Mascarilla Capilar Skala Banana Frutastica ..,30000,Cabello,images/AR0320.jpg
AR0322,Mascarilla Capilar Skala Expert Potao Desma..,30000,Cabello,images/AR0322.jpg
AR0323,Mascarilla Amido De Milho Skala 1000G,33500,Cabello,images/AR0323.jpg
AR0324,Mascarilla Maracuyá Skala 1000G,33500,Cabello,images/AR0324.jpg
AR0325,Shampoo Y Acondicionador Crespo Divino Skal..,37000,Cabello,images/AR0325.jpg
AR0326,Shampoo Y Acondicionador Kids Crespinho Div..,37000,Cabello,images/AR0326.jpg
AR0328,Shampoo Y Acondicionador Banana Skala 325Ml,37000,Cabello,images/AR0328.jpg
AR0329,Shampoo Y Acondicionador Sandia Skala 325Ml,37000,Cabello,images/AR0329.jpg
AR0330,Shampoo Y Acondicionador Coco Skala 325Ml,37000,Cabello,images/AR0330.jpg
AR0331,Shampoo Y Acondicionador Fresa Skala 325Ml,37000,Cabello,images/AR0331.jpg
AW0301,Mascarilla Capilar Color Vive Cabello Tintu..,26900,Cabello,images/AW0301.jpg
AW0302,Shampoo Proteccion Color El Vive,30000,Cabello,images/AW0302.jpg
AW0304,Acondicionador Dream Liso Efecto Keratina E..,26000,Cabello,images/AW0304.jpg
AW0305,Tratamiento Dream Liso Anti-Frizz Elvive,49000,Cabello,images/AW0305.jpg
AW0306,Termoprotector Shot De Masa Colageno Elvive,50000,Cabello,images/AW0306.jpg
AY0301,Shampoo Miel Rosada Lluvia De Estrellas,36900,Cabello,images/AY0301.jpg
AY0302,Acondicionador Miel Rosada Lluvia De Estrel..,37500,Cabello,images/AY0302.jpg
AY0303,Tratamiento Capilar Miel Rosada Lluvia De E..,41900,Cabello,images/AY0303.jpg
AY0304,Perfume Capilar Lluvia De Estrellas,41000,Cabello,images/AY0304.jpg
AY0305,Mini Perfume Capilar Lluvia De Estrellas,26500,Cabello,images/AY0305.jpg
AY0306,Mascarilla Capilar Chocolate Rosado Lluvia ..,42900,Cabello,images/AY0306.jpg
AY0307,Acondicionador Chocolate Rosado Lluvia De E..,37900,Cabello,images/AY0307.jpg
AY0308,Shampoo Chocolate Rosado Lluvia De Estrellas,38900,Cabello,images/AY0308.jpg
0D1202,Spray Glitter Brilli Brilli 160Ml Purpure,16900,Corporal,images/0D1202.jpg
0D1204,Exfoliante Corporal Purpure 220 Ml,,Corporal,images/0D1204.jpg
0D1205,Splash Infantil Purpure,16000,Corporal,images/0D1205.jpg
0D1207,Mini Mantequilla 50Ml Purpure,9900,Corporal,images/0D1207.jpg
0D1208,Body Splash 250Ml Purpure,26000,Corporal,images/0D1208.jpg
0D1211,2384 Splash Birthdy Cake 250 Ml Purpure,25000,Corporal,images/0D1211.jpg
0D1215,Splash Llavero 34 Ml Purpure,24000,Corporal,images/0D1215.jpg
0D1216,Splash 200Ml Purpure,26000,Corporal,images/0D1216.jpg
0D1219,Exfoliante Azucar 350 G Purpure,28000,Corporal,images/0D1219.jpg
0D1220,Mantequilla Corporal Grande 250 Ml Purpure,28000,Corporal,images/0D1220.jpg
0D1221,Mini Splash 105Ml Purpure,16000,Corporal,images/0D1221.jpg
0D1223,Crema Purpure 50G,19900,Corporal,images/0D1223.jpg
0D1225,Exfoliante Cuadrado Purpure 280G,,Corporal,images/0D1225.jpg
0D1226,Mini Splash Corporal Purpure 100 Ml,17000,Corporal,images/0D1226.jpg
0D1227,Splash Infantil Soccer Purpure 140Ml Niño,16000,Corporal,images/0D1227.jpg
0D1228,Splash Infantil Super Power Purpure 140Ml N..,16000,Corporal,images/0D1228.jpg
0D1232,Mini Mantequilla Purpure Importada 50Ml,13000,Corporal,images/0D1232.jpg
0G120C,Perfume Blue Anyeluz,155000,Corporal,images/0G120C.jpg
0G120D,Perfume Black Anyeluz,155000,Corporal,images/0G120D.jpg
0G120E,Perfume Yellow Anyeluz,155000,Corporal,images/0G120E.jpg
0Y1201,Mantequilla Perfumada Ritual Botanico,26900,Corporal,images/0Y1201.jpg
281217,Light Set Shimmer Mist Tonico Montoc,,Corporal,images/281217.jpg
491215,Iluminador Liquido The Sun Ref Ils1473 Trendy,15000,Corporal,images/491215.jpg
491218,Iluminador Líquido Corporal Urban Icu2172 ..,15000,Corporal,images/491218.jpg
491220,Kit Corporal Stitch Splash Y Crema Trendy,28000,Corporal,images/491220.jpg
491221,Mantequilla Corporal Trendy 200G,,Corporal,images/491221.jpg
AB1201,Polvo Hadas Bronzer P1056B Bloomshell,12000,Corporal,images/AB1201.jpg
AD1201,Crema Para Manos Pantera Rosa Melu 30Ml,15500,Corporal,images/AD1201.jpg
AG1205,Splash Envidia Dy2089 Disney,20000,Corporal,images/AG1205.jpg
AM1201,Crema Corporal 1Litro Milagros,37900,Corporal,images/AM1201.jpg
AM1202,Serum Corporal Milagros,45900,Corporal,images/AM1202.jpg
AM1203,Crema Aclarante Nutryaclariant Milagros,46700,Corporal,images/AM1203.jpg
AM1204,Crema Aclarante Intidunn Milagros,64000,Corporal,images/AM1204.jpg
AN1201,Perfume Capilar Y Corporal Palace Garden 11..,79900,Corporal,images/AN1201.jpg
AN1202,Perfume Capilar Y Corporal Mermaid Kiss Cli..,79900,Corporal,images/AN1202.jpg
AP1201,Mantequilla Hidratante Corporal Majikal,36000,Corporal,images/AP1201.jpg
AP1202,Mini Mantequilla Hidratante Corporal Majikal,14000,Corporal,images/AP1202.jpg
AS1201,Mantequilla Guapisima 200G Lolipop,20000,Corporal,images/AS1201.jpg
AS1202,Mantequilla Guapisima 200G Coctel Chill,20000,Corporal,images/AS1202.jpg
AS1203,Mantequilla Guapisima 200G Sandia Fresh,20000,Corporal,images/AS1203.jpg
AS1204,Mantequilla Guapisima 200G Aura Tentation,20000,Corporal,images/AS1204.jpg
AY1201,Splash Corporal Lluvia De Estrellas Aromas ..,41500,Corporal,images/AY1201.jpg
AY1202,Mini Crema Corporal Baby Cream Lluvia De E..,21000,Corporal,images/AY1202.jpg
AY1203,Crema Corporal Baby Cream Xl Lluvia De Estr..,39000,Corporal,images/AY1203.jpg
AY1204,Mantequilla Corporal Bronceadora Con Color ..,43900,Corporal,images/AY1204.jpg
AY1205,Mantequilla Corporal Con Destellos Lluvia D..,41900,Corporal,images/AY1205.jpg
AY1206,Shimmer Corporal Lluvia De Estrellas,27900,Corporal,images/AY1206.jpg
041001,Desinfectante Para Manos 30 Ml Atenea,17300,Cuidado del cuerpo,images/041001.jpg
0D1004,Crema 24K Purple Y Gold 250Ml Purpure,26900,Cuidado del cuerpo,images/0D1004.jpg
0D1006,2520 Shower Gel 250 Ml Purpure,26900,Cuidado del cuerpo,images/0D1006.jpg
0D1008,Mini Mantequilla Corporal Purpure Addiction..,9900,Cuidado del cuerpo,images/0D1008.jpg
0D1009,Mantequilla Corporal Purpure 220Ml,26000,Cuidado del cuerpo,images/0D1009.jpg
0D1010,Shower Gel Purpure - Birthday Cake,24400,Cuidado del cuerpo,images/0D1010.jpg
0D1014,Kit Cartuchera St25-00 Purpure,39900,Cuidado del cuerpo,images/0D1014.jpg
0D1018,Gel De Ducha 300Ml Purpure,28000,Cuidado del cuerpo,images/0D1018.jpg
0G1001,Crema Humectante Y Reafirmante Anyeluz,38000,Cuidado del cuerpo,images/0G1001.jpg
0G1201,Gel Frío Anticelulítico 500 Ml Anyeluz,38000,Cuidado del cuerpo,images/0G1201.jpg
0G1202,Crema Humectante Cannabis 450 Ml Anyeluz,45000,Cuidado del cuerpo,images/0G1202.jpg
0G1203,Perfume Roses Anyeluz Paris 100 Ml Anyeluz,125000,Cuidado del cuerpo,images/0G1203.jpg
0K1001,Loción De Oro Corporal (60Ml) D'Luchi,16999,Cuidado del cuerpo,images/0K1001.jpg
0K1002,Mini Regenerador De Almendras (60 Ml) D'Luchi,16999,Cuidado del cuerpo,images/0K1002.jpg
0K1004,Exfoliante Corporal 60G D'Luchi,35000,Cuidado del cuerpo,images/0K1004.jpg
0K1005,Mini Bronceador De Coco (60Ml) D'Luchi,27999,Cuidado del cuerpo,images/0K1005.jpg
0K1006,Mini Bronceador De Zanahoria Y Canela (60 M..,27999,Cuidado del cuerpo,images/0K1006.jpg
0K1007,Regenerador De Almendras (120 Ml) D'Luchi,22999,Cuidado del cuerpo,images/0K1007.jpg
0K1009,Bronceador De Coco (250Ml) D'Luchi,44999,Cuidado del cuerpo,images/0K1009.jpg
0K1011,Bronceador En Gel D'Luchi,49999,Cuidado del cuerpo,images/0K1011.jpg
0K1016,Sachet Bronceador En Gel 15Ml D'Luchi,5800,Cuidado del cuerpo,images/0K1016.jpg
0K1017,Locion De Oro Corporal 120Ml D'Luchi,27999,Cuidado del cuerpo,images/0K1017.jpg
0K1019,Espuma Autobronceadora 150 Ml D'Luchi,69999,Cuidado del cuerpo,images/0K1019.jpg
0K1020,Finalizador De Bronceo Freshing Pop After S..,50000,Cuidado del cuerpo,images/0K1020.jpg
0L1003,Crema Corporal Aclarante (60 Ml) Kaba,49999,Cuidado del cuerpo,images/0L1003.jpg
0M1011,Jabon Exfoliante Con Semillas De Maracuya L..,40000,Cuidado del cuerpo,images/0M1011.jpg
0U1001,Rayitos De Sol Marazul,15500,Cuidado del cuerpo,images/0U1001.jpg
0Y1202,Bronceador Ritual De Sol Ritual Botanico 24..,35900,Cuidado del cuerpo,images/0Y1202.jpg
491007,Kit Splash Y Crema The Perfect Trendy,,Cuidado del cuerpo,images/491007.jpg
491009,Perfume Trendy,,Cuidado del cuerpo,images/491009.jpg
711002,Gel Corporal Hidratante Aloe Vera Lula,25000,Cuidado del cuerpo,images/711002.jpg
711003,Locion Corporal Lula,15000,Cuidado del cuerpo,images/711003.jpg
711004,Hidratante En Barra Con Extracto De Pepino ..,17000,Cuidado del cuerpo,images/711004.jpg
711005,Crema Corporal Lula 30 Ml Con Aroma,5400,Cuidado del cuerpo,images/711005.jpg
711006,Crema Corporal Lula 75 Ml Con Aroma,,Cuidado del cuerpo,images/711006.jpg
711007,Kit Crema Y Splash Lula,56000,Cuidado del cuerpo,images/711007.jpg
731001,Crema De Manos Hidratante La Sirenita Edici..,15000,Cuidado del cuerpo,images/731001.jpg
AA1001,Depilador Instantáneo En Spray Omg,29999,Cuidado del cuerpo,images/AA1001.jpg
AB1001,Spray Shimmer Bloomshell Blooming Glow Bl S..,22000,Cuidado del cuerpo,images/AB1001.jpg
AE1001,Aceite Corporal Humectante Girly 120Ml,40000,Cuidado del cuerpo,images/AE1001.jpg
AE1002,Mantequilla Corporal Hidratante Girly 140Gr,36000,Cuidado del cuerpo,images/AE1002.jpg
AN1001,Jabon Cremoso De Rosa Y Lichis Click Hair,48900,Cuidado del cuerpo,images/AN1001.jpg
AN1002,Mantequilla Con Glitter Corporal Click Hair,58900,Cuidado del cuerpo,images/AN1002.jpg
AN1003,Exfoliante Corporal De Rosas Click Hair,59000,Cuidado del cuerpo,images/AN1003.jpg
04042X,Pañitos Desmaquillantes 180 Pcs Pads Atenea,22500,Cuidado del rostro,images/04042X.jpg
04042Y,Eraser Agua Limpiadora Atenea,48300,Cuidado del rostro,images/04042Y.jpg
04049T,Bloqueador Solar Aqua Waves 50 G Atenea,56900,Cuidado del rostro,images/04049T.jpg
070455,Tonico De Acido Hialuronico Bioaqua,4800,Cuidado del rostro,images/070455.jpg
07048L,Emulsion De Rosas Con Acido Hialuronico 100..,10000,Cuidado del rostro,images/07048L.jpg
0704AQ,Kit De Rosas Bioaqua X 6 Uds Bioaqua,50000,Cuidado del rostro,images/0704AQ.jpg
0704BJ,Tonico Facil Centella Asiatica 120Ml Bioaqua,17000,Cuidado del rostro,images/0704BJ.jpg
0704CF,Crema Retinol 60G Bioaqua,19800,Cuidado del rostro,images/0704CF.jpg
0704CQ,Kit Aloe Vera Bioaqua X6 Productos,60800,Cuidado del rostro,images/0704CQ.jpg
0704CW,Kit Mini De Arroz Viajero Bioaqua X5 Produc..,30700,Cuidado del rostro,images/0704CW.jpg
0D0402,Tonico Facial De Aloe Vera 250Ml Purpure,19000,Cuidado del rostro,images/0D0402.jpg
0D0409,Jabon Facial De Azufre Purpure,12900,Cuidado del rostro,images/0D0409.jpg
0D0416,Agua Micelar+Niacinamida 220Ml Purpure,22000,Cuidado del rostro,images/0D0416.jpg
0D0427,Serum Facial Aloe Vera 30Ml Purpure,35000,Cuidado del rostro,images/0D0427.jpg
0D0429,Desmaquillador Bifasico Purpure,24000,Cuidado del rostro,images/0D0429.jpg
0D0430,Agua Micelar Pepino+Manzanilla Purpure,22000,Cuidado del rostro,images/0D0430.jpg
0D0432,Serum Retinol 30 Ml Purpure,30000,Cuidado del rostro,images/0D0432.jpg
0G0402,Jalea Limpiadora Facial 250 Ml Anyeluz,50000,Cuidado del rostro,images/0G0402.jpg
0G0411,Acido Hialuronico 80 Ml Anyeluz,75000,Cuidado del rostro,images/0G0411.jpg
0G0414,Bloqueador Sin Color Anyeluz,60000,Cuidado del rostro,images/0G0414.jpg
0G0416,Protector Solar En Spray Anyeluz Spf 50 Sld..,55000,Cuidado del rostro,images/0G0416.jpg
0K0415,Gel Aloe Vera D'Luchi,49999,Cuidado del rostro,images/0K0415.jpg
0L0401,Tónico Facial Despigmentante E Iluminador ..,60000,Cuidado del rostro,images/0L0401.jpg
0L0407,Crema Facial Tensora (50 Ml) Kaba,70000,Cuidado del rostro,images/0L0407.jpg
0L0408,Sérum Vitamina C (30Ml) Kaba,70000,Cuidado del rostro,images/0L0408.jpg
0L0411,Loción Astringente 30Ml Kaba,60000,Cuidado del rostro,images/0L0411.jpg
0L0413,Tónico De Rosas 120Ml Kaba,35000,Cuidado del rostro,images/0L0413.jpg
0L0414,Parches De Rescate Sos Kaba,25000,Cuidado del rostro,images/0L0414.jpg
0L0416,Espuma Limpiadora Facial 150 Ml Kaba,40000,Cuidado del rostro,images/0L0416.jpg
110404,Suero Facial 60 Ml Dolce Bella,28900,Cuidado del rostro,images/110404.jpg
110405,Desmaquillante Dual 200Ml Dolce Bella,30300,Cuidado del rostro,images/110405.jpg
110407,Leche Desmaquilladora Dolce Bella,19000,Cuidado del rostro,images/110407.jpg
110410,Jabon Liquido Para Rostro 240Ml Dolce Bella,26000,Cuidado del rostro,images/110410.jpg
110411,Agua Micelar 240 Ml Dolce Bella,20500,Cuidado del rostro,images/110411.jpg
11042J,Crema Dia Ginkgo Biloba 60G Dolce Bella,17150,Cuidado del rostro,images/11042J.jpg
11043S,Espuma Limpiadora Facial 150Ml Dolce Bella,25000,Cuidado del rostro,images/11043S.jpg
11044I,Protector Solar Facial En Barra Sfp50 15G D..,43400,Cuidado del rostro,images/11044I.jpg
110483,Crema Contorno De Ojos 30Gr Dolce Bella,39000,Cuidado del rostro,images/110483.jpg
170404,Agua Micelar Todo En 1 Skin Active Garnier ..,41650,Cuidado del rostro,images/170404.jpg
170406,Agua Micelar Todo En 1 Garnier Skin Active..,13000,Cuidado del rostro,images/170406.jpg
170411,Agua Micelar De Rosas Garnier Skin Active 4..,38000,Cuidado del rostro,images/170411.jpg
170412,Agua Micelar Express Aclara Con Vitamina C ..,38000,Cuidado del rostro,images/170412.jpg
170413,Mascarilla En Velo Pure Carbón Té Negro G..,11000,Cuidado del rostro,images/170413.jpg
170414,Mascarilla En Velo Hidra Bomb Manzanilla Ca..,12000,Cuidado del rostro,images/170414.jpg
26042K,Mi3992 Rollo De Pads Desmaquillante X 60 Mi..,16900,Cuidado del rostro,images/26042K.jpg
26042L,Mk07 Sticker Para Acne Miis Cosmetics Miis ..,8900,Cuidado del rostro,images/26042L.jpg
26043A,Mascarilla De Colageno Para Ojos Bear Mask ..,15900,Cuidado del rostro,images/26043A.jpg
280401,Gel Facial Hidratante Hydromontoc 100Ml,67500,Cuidado del rostro,images/280401.jpg
280402,Aghora Rosse Tonico Facial 250Ml Montoc,35000,Cuidado del rostro,images/280402.jpg
280411,Soft Cotton Pads Montoc,20500,Cuidado del rostro,images/280411.jpg
280414,Serum Acido Hialuronico Y Peptidos Face Lif..,42000,Cuidado del rostro,images/280414.jpg
280415,Milky Rose Desmaquillante Montoc,40000,Cuidado del rostro,images/280415.jpg
280416,Serum Skin Renew Retinol Montoc,34200,Cuidado del rostro,images/280416.jpg
280417,Protector Solar Sunsoon Bb & Cream Montoc S..,52000,Cuidado del rostro,images/280417.jpg
280418,Protector Solar En Gel Sunsoon Spf50 Montoc,56700,Cuidado del rostro,images/280418.jpg
490436,Toallita Magica Pequeña Magic Face Trendy,6000,Cuidado del rostro,images/490436.jpg
490478,Mascarilla Aloe Trendy,15000,Cuidado del rostro,images/490478.jpg
490490,Sachet Crema Seboreguladora 50Ml Scs1506 Tr..,12000,Cuidado del rostro,images/490490.jpg
490495,Psf766 Protector Solar Facial En Caja 40Ml ..,38000,Cuidado del rostro,images/490495.jpg
710401,Paño Facial Desmaquillante Colageno Lula,10300,Cuidado del rostro,images/710401.jpg
710402,Paño Facial Desmaquillante Pepino Lula,10300,Cuidado del rostro,images/710402.jpg
710403,Paño Facial Desmaquillante Roses Lula,10300,Cuidado del rostro,images/710403.jpg
710411,Colágeno Para Ojeras Lula,4300,Cuidado del rostro,images/710411.jpg
710413,Hidratante Facial Con Ceramidas Mañana Lula,25900,Cuidado del rostro,images/710413.jpg
710414,Hidratante Facial Con Ceramidas Noche Lula,21600,Cuidado del rostro,images/710414.jpg
710415,Gel Limpiador Facial Con Ceramidas Lula,30000,Cuidado del rostro,images/710415.jpg
710416,Hidratante De Aloe Vera Lula,18000,Cuidado del rostro,images/710416.jpg
710418,Serum Facial Con Aloe Vera Lula,20000,Cuidado del rostro,images/710418.jpg
710419,Serum Facial Con Ceramidas Lula,15000,Cuidado del rostro,images/710419.jpg
710421,Esencia Dual Con Acido Hialuronico Lula,20000,Cuidado del rostro,images/710421.jpg
710422,Esencia Dual Con Extracto De Rosas Lula,20000,Cuidado del rostro,images/710422.jpg
710423,Balsamo Desmaquillante Lula,17000,Cuidado del rostro,images/710423.jpg
710424,Agua Micelar Lula,22000,Cuidado del rostro,images/710424.jpg
710425,Hidratante En Barra Con Extracto De Rosas Y..,21800,Cuidado del rostro,images/710425.jpg
710426,Hidratante En Barra Con Acido Hialuronico Y..,18800,Cuidado del rostro,images/710426.jpg
710427,Hidratante Facial Con Niacinamida Y Acido S..,21800,Cuidado del rostro,images/710427.jpg
710428,Hidratante Facial Con Niacinamida Y N-Aceti..,21800,Cuidado del rostro,images/710428.jpg
710431,Mascarilla Facial En Barra Con Extracto De ..,17000,Cuidado del rostro,images/710431.jpg
710432,Mascarilla Facial En Barra Con Extracto De ..,21800,Cuidado del rostro,images/710432.jpg
710433,Limpiador Facial Bifasico Lula,39000,Cuidado del rostro,images/710433.jpg
710437,Exfoliante Facial Bossber 400Ml Lula,28400,Cuidado del rostro,images/710437.jpg
730416,Gel De Limpieza Facial Linea Azul Ruby Rose,28900,Cuidado del rostro,images/730416.jpg
730418,Crema Hidratante Linea Azul Ruby Rose,31900,Cuidado del rostro,images/730418.jpg
730423,Mascarilla Acido Hialuronico En Velo Ruby ..,6900,Cuidado del rostro,images/730423.jpg
90049E,Tonico Hidratante Reafirmante Niacinamida Og,39000,Cuidado del rostro,images/90049E.jpg
90049G,Bloqueador Creamilux Og,40000,Cuidado del rostro,images/90049G.jpg
90049H,Crema Contorno De Ojos Aurum Og,28000,Cuidado del rostro,images/90049H.jpg
AB0418,Esponja Limpiadora Facial Km-002 Bloomshell,5500,Cuidado del rostro,images/AB0418.jpg
AB0420,Toallitas Desmaquillantes Bloomshell Bloom ..,12000,Cuidado del rostro,images/AB0420.jpg
AB0421,Serum Balance Bloomhell 30Ml Bl-Kas100,58000,Cuidado del rostro,images/AB0421.jpg
AB0422,Crema Reparadora Bloom Repair Cream Bloomsh..,60900,Cuidado del rostro,images/AB0422.jpg
AB0424,Gel Limpiador Facial Lumi Bloomshell 100Ml ..,40900,Cuidado del rostro,images/AB0424.jpg
AB0425,Bruma Facial Repair Mist Bloomshell 150Ml B..,59900,Cuidado del rostro,images/AB0425.jpg
AE0401,Protector Solar 60Ml Girly,64000,Cuidado del rostro,images/AE0401.jpg
AE0402,Desmaquillante De Ojos 120 Ml Girly,36000,Cuidado del rostro,images/AE0402.jpg
AE0403,Serum Facial Hidratante 30 Ml Girly,33000,Cuidado del rostro,images/AE0403.jpg
AE0404,Mascarilla Facial Nutritiva 180G Girly,35000,Cuidado del rostro,images/AE0404.jpg
AE0405,Gel Hidratante Aloe Vera 200Ml Girly,30000,Cuidado del rostro,images/AE0405.jpg
AE0406,Bruma Facial 150Ml Girly,33000,Cuidado del rostro,images/AE0406.jpg
AE0408,Serum Niacinamida Y Zinc 30Ml Girly,35000,Cuidado del rostro,images/AE0408.jpg
AE0410,Limpiador Facial 230 Ml Girly,30000,Cuidado del rostro,images/AE0410.jpg
AE0411,Agua Micelar 250Ml Girly,33000,Cuidado del rostro,images/AE0411.jpg
AE0412,Crema Hidratante Facial Con Acido Hialuroni..,33600,Cuidado del rostro,images/AE0412.jpg
AE0413,Contorno De Ojos 5Ml Girly,30000,Cuidado del rostro,images/AE0413.jpg
AE0414,Bruma Facial Viajero 45Ml Girly,16500,Cuidado del rostro,images/AE0414.jpg
AE0415,Limpiador Facial Viajero 40Ml Girly,30000,Cuidado del rostro,images/AE0415.jpg
AE0416,Serum Hidratante Viajero 10Ml Girly,21700,Cuidado del rostro,images/AE0416.jpg
AE0418,Crema De Noche Con Retinol Girly,27000,Cuidado del rostro,images/AE0418.jpg
AE0419,Leche Hidratante Facial Girly 140Ml,33000,Cuidado del rostro,images/AE0419.jpg
AE0420,Protector Solar Sin Color Mini Girly 30Ml,32000,Cuidado del rostro,images/AE0420.jpg
AM0401,Bloqueador Milagros,62900,Cuidado del rostro,images/AM0401.jpg
AM0402,Serum Facial Nueva Presentacion Milagros,65700,Cuidado del rostro,images/AM0402.jpg
AP0401,Protector Solar Majikal Con Color Spf 50,54900,Cuidado del rostro,images/AP0401.jpg
AT0401,Mascarilla En Velo Aloe Vera+ Calendula Bur..,1700,Cuidado del rostro,images/AT0401.jpg
AT0402,Mascarilla En Velo Acido Hialuronico + Reti..,1700,Cuidado del rostro,images/AT0402.jpg
AT0403,Mascarilla En Velo Vitamina C + Niacinamida..,1700,Cuidado del rostro,images/AT0403.jpg
AT0404,Mascarilla En Velo Colageno + Vitamina E B..,1700,Cuidado del rostro,images/AT0404.jpg
AT0405,Mascarilla En Velo Niacinamida Burbay 25G,1700,Cuidado del rostro,images/AT0405.jpg
AU0402,Crema Dia Antimanchas Glycolic-Bright Lorea..,82900,Cuidado del rostro,images/AU0402.jpg
AU0403,Protector Solar Facial Invisible Fps 50+ Uv..,97400,Cuidado del rostro,images/AU0403.jpg
AU0404,Crema Anti-Manchas Noche Glycolic Bright L'..,65000,Cuidado del rostro,images/AU0404.jpg
AY0401,Desmaquillante Bifásico Cremoso Lluvia De ..,30500,Cuidado del rostro,images/AY0401.jpg
AY0402,Tónico Facial Agua De Rosas Lluvia De Estr..,29900,Cuidado del rostro,images/AY0402.jpg
490504,Kit Niñas Magia Kma2156 Trendy,,Kits de maquillaje,images/490504.jpg
490507,Kit Mistic Face Corrector Y Polvo Compacto ..,,Kits de maquillaje,images/490507.jpg
04060A,Lip Duo Lipstick Y Gloss Atenea,24300,Labios,images/04060A.jpg
04060C,Lip Balm 15Ml Atenea,31000,Labios,images/04060C.jpg
04060D,Lip Balm Mask Atenea,31000,Labios,images/04060D.jpg
04060F,Labial En Barra Lip Click Atenea,28000,Labios,images/04060F.jpg
04060G,Lip Oil Atenea Tinted 5 Ml,36000,Labios,images/04060G.jpg
040694,Lip Oil Collection Atenea,29300,Labios,images/040694.jpg
04060I,Hidratante Lip Oil + Shimmer Collection Ate..,34000,Labios,images/04060I.jpg
04060J,Lipstick Balm 1St Scene Hidratante Atenea,39650,Labios,images/04060J.jpg
040692,Balsamo Labial Hidratante-Lip Balm Atenea,24300,Labios,images/040692.jpg
040693,Lapiz Delineador De Labios Atenea,12000,Labios,images/040693.jpg
040695,Lip Gloss 1St Escene Atenea,34600,Labios,images/040695.jpg
040697,Lip Maximizer Serum Atenea,33500,Labios,images/040697.jpg
040698,Labial Velvet En Barra Atenea,25900,Labios,images/040698.jpg
040699,Labial Velvet Liquido Atenea,25900,Labios,images/040699.jpg
040696,Lip Repair Conditioner Serum Atenea,35100,Labios,images/040696.jpg
0D0613,Lipgloss Candy Love 016 Purpure,15000,Labios,images/0D0613.jpg
0D0620,Tinta Serum Cherry Tint Purpure,10000,Labios,images/0D0620.jpg
0D0612,Tinta De Labios Love Heart 013 Purpure,14000,Labios,images/0D0612.jpg
0D0621,Brillo Humectante Magico Sugar Daddy Purpure,6000,Labios,images/0D0621.jpg
0D0623,Balsamo Labial Lip Glow Purpure Abm4-04,16000,Labios,images/0D0623.jpg
0D068X,Lip Balm Con Color Purpure,19900,Labios,images/0D068X.jpg
0G0605,Lip Gloss Anyeluz,23500,Labios,images/0G0605.jpg
0D0624,Lip Serum Frutas Purpure Abm25-U,15900,Labios,images/0D0624.jpg
0D0627,Hidratante Lip Serum Chocolate Kiss Llavero..,18000,Labios,images/0D0627.jpg
0G0610,Lapiz Delineador Anyeluzmakeup Lip Liner Bl..,11300,Labios,images/0G0610.jpg
0G0614,Tinta Labios Anyeluz Lip Tint,15000,Labios,images/0G0614.jpg
0G0618,Hidratante Instantaneo Anyeluz,25000,Labios,images/0G0618.jpg
0G0611,Labial Magico Anyeluzmakeup Magic Oil,17000,Labios,images/0G0611.jpg
0G0613,Balsamo Labial Lip Balm Anyeluz 10Gr,20000,Labios,images/0G0613.jpg
0G0616,Brillo Labial En Barra Click Anyeluz,20000,Labios,images/0G0616.jpg
0X0610,Brillo 2 En 1 La Colors Gloss Y Balm C43323..,12000,Labios,images/0X0610.jpg
0X0614,Labi Kt Navideño Gloss Dream Stn-C43426 La..,20000,Labios,images/0X0614.jpg
110611,46108 Balsamo Labial Brillante 1.8 G Dolce ..,19000,Labios,images/110611.jpg
110612,61715 Labial Liquido A Prueba De Besos 3.2 ..,26000,Labios,images/110612.jpg
110613,61699 Labial Liquido Vinyl 2.7 G Dolce Bella,21000,Labios,images/110613.jpg
110614,Brillo De Labios Vg8570 Con Aplicador Dolce..,16850,Labios,images/110614.jpg
260696,Phd06 Set De Labios Colección Celestial Mi..,15000,Labios,images/260696.jpg
260697,Rlm01 Set De Labial Magico Mini X 10 Retro ..,45900,Labios,images/260697.jpg
2606AC,Lbpr Hidratante De Labios 3.2 G Miis Cosmet..,19800,Labios,images/2606AC.jpg
2606AD,Blmc Lip Gloss Boom Lips 3.5 Ml Miis Cosmet..,14900,Labios,images/2606AD.jpg
2606AF,Lipgloss Minnie Mouse Miis Cosmetics,18800,Labios,images/2606AF.jpg
2606AG,Lip Balm Minnie Mouse Miis Cosmetics,17600,Labios,images/2606AG.jpg
280603,Labial Mousse Lip Nostalgic Montoc,13800,Labios,images/280603.jpg
280604,Hidratante De Labios Lippie Balm Montoc,15000,Labios,images/280604.jpg
280605,Click Gloss Montoc,23000,Labios,images/280605.jpg
280606,Lip Butter Humide Montoc,19000,Labios,images/280606.jpg
280609,Spiral Gloss Montoc,25900,Labios,images/280609.jpg
280610,Comfort Lip Oil Montoc,26000,Labios,images/280610.jpg
280611,Glow Fusion Boom Gloss Montoc,25000,Labios,images/280611.jpg
280612,Lapiz De Labios Montoc,14000,Labios,images/280612.jpg
280614,Click Gloss Pro Montoc,24000,Labios,images/280614.jpg
280613,Nueva Presentación Cora Lip Montoc,26000,Labios,images/280613.jpg
280615,Tinta Mejillas Y Labios Lippie Cheeks Montoc,30000,Labios,images/280615.jpg
280616,Hidratante De Labios Lippie Balm Nueva Pres..,15000,Labios,images/280616.jpg
280617,Juicy Lips Montoc Brillo Labial Con Acido H..,32000,Labios,images/280617.jpg
490698,Labial Matte Profesional Lt05 Trendy,,Labios,images/490698.jpg
4906CI,Brillo De Labios Lip Oil Pretty Things Bpt1..,13200,Labios,images/4906CI.jpg
710603,Brillo Labial Hidratante Lula Dgl001/Bll00 ..,15000,Labios,images/710603.jpg
710605,Balsamo Hidratante De Labios Lula Db3L001/ ..,13000,Labios,images/710605.jpg
710606,Llavero Aceite Para Labios Con Charm Lula,19000,Labios,images/710606.jpg
73060K,Brillo Hidratante Lip Oil Ruby Rose Nueva P..,19500,Labios,images/73060K.jpg
73060L,Labial Duo Kiss Ruby Rose Metamorphosis 5..,26900,Labios,images/73060L.jpg
73060M,Tinta En Crema Para Labios Ruby Rose Metamo..,24900,Labios,images/73060M.jpg
73060N,Lapiz De Labios Lip Liner Metamorphosis Rub..,14900,Labios,images/73060N.jpg
73060A,Tinta En Crema Ruby Rose,20500,Labios,images/73060A.jpg
73060B,Brillo Labial Ruby Rose,20000,Labios,images/73060B.jpg
73060E,Lip Glow Metamorphosis Ruby Rose Hb L650,19700,Labios,images/73060E.jpg
73060F,Brillo Labial Lips Gloss Radiant Kiss Ruby ..,22000,Labios,images/73060F.jpg
73060H,Tinta Soft Focus Ruby Rose Hb-L660,18900,Labios,images/73060H.jpg
73060P,Lip Balm En Lata La Sirenita Ruby Rose 10 G,17000,Labios,images/73060P.jpg
730654,Brillo Hidratante Lip Oil Ruby Rose,18500,Labios,images/730654.jpg
740659,Bálsamo Labial Hidratante Ani-K Lip Balm,20000,Labios,images/740659.jpg
740660,Delineador De Labios Ani-K Lip Liner,14000,Labios,images/740660.jpg
900601,Lip Combo Dreamy Honey X D2605 Og - Labial ..,40000,Labios,images/900601.jpg
900603,Brillo Labial Og Pure Glow,32000,Labios,images/900603.jpg
900606,Lip Balm Hidratante To Go Og 10Ml,32000,Labios,images/900606.jpg
900608,Brillo Gloss Muakk X Yess Queen Og,29000,Labios,images/900608.jpg
AB0601,Glossy Color Bloomshell,16000,Labios,images/AB0601.jpg
AB0608,Exclusive Click Labial Bl-712 O 713 Bloomsh..,16000,Labios,images/AB0608.jpg
AB0613,Bloom Gloss Mini Bm633 Bloomshell,4700,Labios,images/AB0613.jpg
AB0619,Voluminizador De Labios Bloom Voluminizer ..,16800,Labios,images/AB0619.jpg
AB0621,Lapiz De Labios Signature Bl-L118 Bloomshell,12800,Labios,images/AB0621.jpg
AB0624,Elixir Dhalia Nude Lip Oil Bl-Bg1206 Bloom..,16000,Labios,images/AB0624.jpg
AB0625,Brillo Bloom Kiss Bl-Bl8906 Bloomshell,12900,Labios,images/AB0625.jpg
AB0628,Brillo De Labios Bobble Cristal Bl-Bo458 Bl..,19500,Labios,images/AB0628.jpg
AB0629,Kiss Love X 6 (Paleta De Labios) Bl-Bpc613 ..,22000,Labios,images/AB0629.jpg
AB0631,Brillo Labial Bloom One Bl-Bo1245 Bloomshell,16800,Labios,images/AB0631.jpg
AB0633,Labial En Barra Balm Mint Bmb406 Bloomshell,16000,Labios,images/AB0633.jpg
AB0635,Labial En Barra Lip Femme Bl-Bl9057 Bloomsh..,16000,Labios,images/AB0635.jpg
AB0637,Balsamos Hidratante Bloom Amore Mio Bl-Bhc3..,12000,Labios,images/AB0637.jpg
AB0638,Labial En Barra Bloom Magic Luminous Bl-B39..,16800,Labios,images/AB0638.jpg
AB0642,Lip Oil Bloom Glam Bl-Be2294E Bloomshell,17000,Labios,images/AB0642.jpg
AB0643,Balsamo Hidratante Hydra Bloom Bl-Bh440073 ..,15000,Labios,images/AB0643.jpg
AB0644,Brillo Magico Candy Shell Miau Bl-Bm654 Blo..,16000,Labios,images/AB0644.jpg
AB0646,Bloom Lip Combo Blc244 Bloomshell,18600,Labios,images/AB0646.jpg
AB0648,Bloom Gloss Mimosa Mini Bl-Bmm1213 Bloomshell,4700,Labios,images/AB0648.jpg
AB0649,Blomssom Ink Marcador Bl-Tm040 Bloomshell -..,15000,Labios,images/AB0649.jpg
AB0652,Bloom Honey Bl-Bab2331M Bloomshell - Labial..,16000,Labios,images/AB0652.jpg
AB0654,Click Tint Bl-Tb4482A Bloomshell - Tinta De..,14500,Labios,images/AB0654.jpg
AB0656,Balsamo Labial Bloomshell Bl Bcc1347 Coco,15800,Labios,images/AB0656.jpg
AB0662,Bloom Duo Perfect Bl-Blk11390 Bloomshell,23000,Labios,images/AB0662.jpg
AB0668,Duo Lush Bloom Gloss Y Balsamo Manteca Caca..,18000,Labios,images/AB0668.jpg
AB0672,Llavero Tinta De Labios Bloom Blushy Bl-Bt..,16800,Labios,images/AB0672.jpg
AB0676,Lip Gloss Bloom Meow Bloomshell Bl-Bh32,16000,Labios,images/AB0676.jpg
AB0678,Llavero Bloom Dulce Brillo X 2 Bl-Blk35 Blo..,21500,Labios,images/AB0678.jpg
AB0679,Lip Gloss Bloom Esplendor Bloomshell Bl-Blp33,17000,Labios,images/AB0679.jpg
AB0682,Delineador De Labios Bloomshell Bloom Lip L..,15000,Labios,images/AB0682.jpg
AB0683,Llavero Bloom Duo Nude + Mini Gloss Hidrata..,29000,Labios,images/AB0683.jpg
AB0687,Rubor Cherry Blossom Bloomshell 8Gbl-Br333,30000,Labios,images/AB0687.jpg
AB0688,Labial Bloom Sparkle Kiss Bloomshell 3.8G B..,16800,Labios,images/AB0688.jpg
AB0690,Tinta De Labios Hydra Tint Bloomshell 3Ml ..,14100,Labios,images/AB0690.jpg
AB0691,Lip Gloss Lumi Bloomshell Bl-Blh51,16800,Labios,images/AB0691.jpg
AB0692,Lip Balm Hidratante Latte Bloomshell 14G B..,18700,Labios,images/AB0692.jpg
AB0694,Llavero Brillo Hidratante Bloom Espejo Bloo..,27000,Labios,images/AB0694.jpg
AB0697,Gloss Labial Transparente Capuchic Bloomshell,15000,Labios,images/AB0697.jpg
AB0698,Tinta Labial Bloom Latte Kiss Tono Café Bl..,18000,Labios,images/AB0698.jpg
AB0731,Gloss Bonita Ani-K,20300,Labios,images/AB0731.jpg
AD0601,Balsamo Magico Hb-8520 Melu,22300,Labios,images/AD0601.jpg
AD0602,Gel Tint Hb-8232 Melu,18600,Labios,images/AD0602.jpg
AD0603,Lip Oil Melu,15300,Labios,images/AD0603.jpg
AD0604,Tinta Aqua Melu,17500,Labios,images/AD0604.jpg
AD0606,Balsamo Hidratante Lata Corazon Melu 10Ml,17900,Labios,images/AD0606.jpg
AD0607,Lip Gloss Glitter Pantera Rosa Melu 2.5Ml,26900,Labios,images/AD0607.jpg
AD0608,Balsamo Pantera Rosa Corazon Melu 10G,17900,Labios,images/AD0608.jpg
AD0609,Lip Oil Pantera Rosa Melu 4.5Ml,22900,Labios,images/AD0609.jpg
AD061A,Brillo Pantera Rosa Roll On Melu 6Ml,15900,Labios,images/AD061A.jpg
AE0601,Lip Gloss 3Ml Girly,26000,Labios,images/AE0601.jpg
AE0602,Tinta Para Labios Y Mejillas 10Ml Girly,22000,Labios,images/AE0602.jpg
AE0603,Lip Balm Con Peptidos 10Ml Girly,30000,Labios,images/AE0603.jpg
AE0604,Lapiz Delineador De Labios Lip Liner 1.3G G..,14900,Labios,images/AE0604.jpg
AE0605,Lip Bar Con Peptidos En Barra Girly 4.5G,25000,Labios,images/AE0605.jpg
AE0606,Lipstick Girly Labial Liquido Mate 2.1 G,20000,Labios,images/AE0606.jpg
AE0607,Kit X5 Labiales Liquidos Mate Girly Lipstic..,85000,Labios,images/AE0607.jpg
AG0601,Kit Labios Furia Dy2098 Disney,27300,Labios,images/AG0601.jpg
AG0602,Brillos Holográficos Stitch Dy2075 Disney,27300,Labios,images/AG0602.jpg
AH0601,Lip Gloss Kabamakeup,30000,Labios,images/AH0601.jpg
AP0601,Shiny Lip Oil Majikal,22000,Labios,images/AP0601.jpg
AP0602,Llavero Kiss Lip Balm Majikal,30000,Labios,images/AP0602.jpg
AV0601,Labial Liquido Super Stay Mate Ink Maybelli..,59400,Labios,images/AV0601.jpg
AV0602,Brillo Voluminizador Lifter Plump Maybellin..,52300,Labios,images/AV0602.jpg
AV0603,Labial Liquido Superstay Vinyl Ink Maybelli..,55000,Labios,images/AV0603.jpg
AV0604,Lip Balm Lifter Glaze Maybelline,55000,Labios,images/AV0604.jpg
AV0605,Tinta De Labios Superstay Teddy Tint Maybel..,52000,Labios,images/AV0605.jpg
AX0601,Lip Balm Kiss My Lips Vogue,12900,Labios,images/AX0601.jpg
AX0602,Labial En Barra Colorissimo Mate Larga Dura..,,Labios,images/AX0602.jpg
AX0603,Gloss Labial Colorissimo Extra Brillo Vogue,13000,Labios,images/AX0603.jpg
AX0604,Brillo Labial Voluminizador Boombastic Vogue,27000,Labios,images/AX0604.jpg
AY0601,Brillo Nude Beauty Lips Lluvia De Estrellas,27000,Labios,images/AY0601.jpg
AY0602,Tinta Para Labios Y Mejillas Lollipop Berry..,22900,Labios,images/AY0602.jpg
04060B,Lapiz Delineador+ Labial 1St Scence Atenea,15600,Ofertas,images/04060B.jpg
0408BS,Rubor Atenea Stick Ph,38000,Ofertas,images/0408BS.jpg
280608,Lippie Booster Montoc,17500,Ofertas,images/280608.jpg
280832,Humide Corrector Montoc En Gel 4.1G - Cober..,20000,Ofertas,images/280832.jpg
73081L,Corrector Liquido Feels Piel Clara Ruby Rose,21900,Ofertas,images/73081L.jpg
94069L,Mks01 Spinner Con Lip Balm Spinny Sparkle 3..,15900,Ofertas,images/94069L.jpg
950610,Labial Liquido Ultramate Ame,,Ofertas,images/950610.jpg
950611,Tinta De Labios Serum Ame,32900,Ofertas,images/950611.jpg
950613,Tinta De Labios Gel Ame,27000,Ofertas,images/950613.jpg
950814,Corrector De Ojeras Cover Dreamy Ame,36400,Ofertas,images/950814.jpg
950818,Polvo Compacto Blurring Ame,,Ofertas,images/950818.jpg
950820,Tinta Maquillaje Liquido 33G Ame,31800,Ofertas,images/950820.jpg
AB0636,Lapiz Labial Bloom Lip + Liner Bl-Bl1222 Bl..,22000,Ofertas,images/AB0636.jpg
AB0657,Bl-1233 Lip Oil Baby Lip Bloomshell,16800,Ofertas,images/AB0657.jpg
AB0827,Polvo Luminoso Ps1231 Bloomshell,25000,Ofertas,images/AB0827.jpg
AB0838,Rubor Nectar En Crema Labios Mejillas Bl-Bc..,18000,Ofertas,images/AB0838.jpg
AG0701,Sombra Intensamente Dy2079 Disney,27300,Ofertas,images/AG0701.jpg
040713,Art Deco 18 Tonos Atenea,50900,Ojos,images/040713.jpg
04072S,Sombra Majestic Atenea,77800,Ojos,images/04072S.jpg
04074I,Paleta De Cejas Native C Atenea,48300,Ojos,images/04074I.jpg
04074J,Plumon Delineador C Atenea,19200,Ojos,images/04074J.jpg
04074L,Trio De Cejas Savage Blondie C Atenea,26900,Ojos,images/04074L.jpg
04079E,Pestaña Point 3D Focus Atenea,8600,Ojos,images/04079E.jpg
04079F,Pestaña Focus 3D Focus Atenea,8600,Ojos,images/04079F.jpg
04079G,Pestaña Refer 3D Focus Atenea N$8.600,,Ojos,images/04079G.jpg
04079J,Pestaña Just 3D Focus Atenea,8500,Ojos,images/04079J.jpg
04079K,Pestaña Shape 3D Focus Atenea,8500,Ojos,images/04079K.jpg
04079M,Pestaña Heart 3D Focus Atenea,8600,Ojos,images/04079M.jpg
04079N,Pestaña Reflect 3D Focus Atenea,8600,Ojos,images/04079N.jpg
04079O,Pestaña Because 3D Focus Atenea,8500,Ojos,images/04079O.jpg
04079Q,Paleta De Sombras Atemporal Atenea,77800,Ojos,images/04079Q.jpg
04079W,Sombra Liquida Louvre 8Ml Atenea,25900,Ojos,images/04079W.jpg
04079X,Sombra Birds Atenea,77800,Ojos,images/04079X.jpg
04079Y,Pestañas Postizas X3 Trio Short Atenea,16000,Ojos,images/04079Y.jpg
0407AA,Pestañas Postizas X3 Trio Long Atenea,16000,Ojos,images/0407AA.jpg
0407AG,Mascara En Gel Para Cejas Natural Blondie F..,24300,Ojos,images/0407AG.jpg
0407AK,Brow Long-Wear Pomada Blondie Focus Atenea,30800,Ojos,images/0407AK.jpg
0407BA,Pestañas Surprise Focus Atenea,8600,Ojos,images/0407BA.jpg
0407AN,Pega Para Pestañas Clear Focus Atenea,39800,Ojos,images/0407AN.jpg
0407AS,"Paleta De Rubor, Bronzer & Iluminador Essen..",43200,Ojos,images/0407AS.jpg
0407AT,Sombra Individual Paradise Nueva Imagen Ate..,18150,Ojos,images/0407AT.jpg
0407BC,Pestaña Origen 3D Focus Atenea Atenea,8600,Ojos,images/0407BC.jpg
0407BF,Pestaña Elegant 3D Focus Atenea Atenea,8600,Ojos,images/0407BF.jpg
0407BJ,Lapiz Retractil Iridiscente En Gel + Sacapu..,29200,Ojos,images/0407BJ.jpg
0407BK,Lapiz Retractil Negro En Gel + Sacapunta 1S..,25900,Ojos,images/0407BK.jpg
0407BL,Lapiz Retractil Blanco En Gel + Sacapunta 1..,24300,Ojos,images/0407BL.jpg
0407BM,Brow Pencil-Lapiz De Cejas Atenea,21800,Ojos,images/0407BM.jpg
0407BQ,Gel Fijador De Cejas Atenea,23300,Ojos,images/0407BQ.jpg
0407BN,Paleta De Sombras Storytime Atenea,120200,Ojos,images/0407BN.jpg
0407BT,Pestañina 1St Scene Line Café Atenea,25000,Ojos,images/0407BT.jpg
0407BU,Kit De Cejas Brow Kit 1St Scene Light Brown..,30200,Ojos,images/0407BU.jpg
0407BV,Kit De Cejas Brow Kit 1St Scene Dark Brown ..,30200,Ojos,images/0407BV.jpg
0407BW,Lapiz De Cejas Automatico Atenea 0.09 G,25000,Ojos,images/0407BW.jpg
0407BX,Pestañas Postizas Trio Medium X3 Atenea,16000,Ojos,images/0407BX.jpg
0407BY,Pestañas Postizas Kit Shape X5 Pares Atenea,37900,Ojos,images/0407BY.jpg
0407BZ,Pestañas Postizas X5 Pares Atenea,38000,Ojos,images/0407BZ.jpg
0D0707,Abm1008 Betun De Cejas 3.8 G Purpure,16000,Ojos,images/0D0707.jpg
0W0701,Pestañina Maxi Volumen (Empaque Morado) Pr..,20500,Ojos,images/0W0701.jpg
0W0702,Pestañina Maxi Volumen Silicon (Empaque Fu..,20500,Ojos,images/0W0702.jpg
0W0703,Pestañina Profesional (Empaque Negro) Prosa,20500,Ojos,images/0W0703.jpg
0W0704,Pestañina Profesional Silicon (Empaque Gri..,20500,Ojos,images/0W0704.jpg
0W0705,Pestañina Microfibras (Empaque Gris) Prosa,20500,Ojos,images/0W0705.jpg
0W0709,Pestañina Cafe Prosa,20500,Ojos,images/0W0709.jpg
0W0708,Aceite Fortalecedor Para Pestañas Prosa,20500,Ojos,images/0W0708.jpg
0W0710,Tratamiento En Mascara Para Pestañas Gel P..,20500,Ojos,images/0W0710.jpg
0W0711,Serum Fortalecedor De Pestañas Exactitud P..,20500,Ojos,images/0W0711.jpg
0W0718,Pestañina Profesional Silicon Café Prosa,19900,Ojos,images/0W0718.jpg
0W0726,Delineador Pincel Prosa - Cafe,18900,Ojos,images/0W0726.jpg
0W0719,Pestañina Con Aceite De Aguacate Prosa,18900,Ojos,images/0W0719.jpg
0W0721,Blister Pestañina Clasica A Prueba De Agua..,21700,Ojos,images/0W0721.jpg
0W0724,Pestañina Aceite De Mamaey Alargador 14Gr ..,21700,Ojos,images/0W0724.jpg
11071Q,Delineador De Crayon Liquido Gb8109 Dolce B..,16500,Ojos,images/11071Q.jpg
110742,Pestañina 3D Fiber Lash Dolce Bella,15500,Ojos,images/110742.jpg
110743,Pestañina Big Eyes A Prueba De Agua Dolce ..,15600,Ojos,images/110743.jpg
110748,Pestañina Económica A Prueba De Agua Dolc..,16300,Ojos,images/110748.jpg
11074B,Pestañina Fase Lash Effect A A Prueba De A..,18000,Ojos,images/11074B.jpg
26079H,Lapiz Delineador Sweet Liner Miis Cosmetics,10200,Ojos,images/26079H.jpg
26079X,Pomada Para Cejas Cosmos Miis Cosmetics,1000,Ojos,images/26079X.jpg
2607AH,Paleta De Sombras Grace Miis Cosmetics Prg02,80000,Ojos,images/2607AH.jpg
280703,Organic Lashes X5 Mix Montoc,34200,Ojos,images/280703.jpg
280705,Organic Lashes Celeste Montoc,8300,Ojos,images/280705.jpg
280706,Organic Lashes Mariana Montoc,8300,Ojos,images/280706.jpg
280707,Organic Lashes Sara Montoc,8300,Ojos,images/280707.jpg
28070M,Tinte Fijador De Cejas Brow Set Airly Montoc,39500,Ojos,images/28070M.jpg
280722,Trio Brow Montoc,23900,Ojos,images/280722.jpg
280728,Pega Para Pestañas Lashglue Black Montoc,25000,Ojos,images/280728.jpg
280742,Brow Wax Ultra Estilizador - Gel De Cejas M..,29000,Ojos,images/280742.jpg
280743,Humide Lapiz De Cejas Montoc,20900,Ojos,images/280743.jpg
280745,7363729 Lapiz De Ojos 1.2 G Montoc,16400,Ojos,images/280745.jpg
280747,Sombra Compacta Light Set Montoc,18000,Ojos,images/280747.jpg
280749,Paleta De Cejas Brow Set X6 Montoc 6.6G,34000,Ojos,images/280749.jpg
280750,Serum Fijador Y Fortalecedor De Cejas Y Pes..,30000,Ojos,images/280750.jpg
49079W,Sombras Líquidas Cosmic Unidad Trendy,7000,Ojos,images/49079W.jpg
4907AE,Delineador Perlado Trendy Pe08 Unidad,10200,Ojos,images/4907AE.jpg
4907CC,Lápiz De Ojos Negro Ey15 Trendy,13000,Ojos,images/4907CC.jpg
4907EP,Pestañas Luis Torres J Lash Ltb24 R U Vip?..,20300,Ojos,images/4907EP.jpg
4907EQ,Pestañas Luis Torres J Lash Ltb25 R U Pick..,20300,Ojos,images/4907EQ.jpg
4907ET,Delineador Doble Matte Funny Pastel Rosado ..,15000,Ojos,images/4907ET.jpg
4907EW,Kit X 3 Delineadores Funny Pearl Dfp1476 Tr..,25000,Ojos,images/4907EW.jpg
4907EY,Kit X 6 Delineadores De Ojos Glitter Pencil..,15000,Ojos,images/4907EY.jpg
4907EZ,Sombra Liquida Hollywood Slh1660 Trendy,12000,Ojos,images/4907EZ.jpg
4907FU,Sombra Para Cejas Brow Blend Bbt1743 Trendy,15000,Ojos,images/4907FU.jpg
4907FX,Kit Delineadores Urban Dur2061 Trendy,25000,Ojos,images/4907FX.jpg
4907FY,Sombra Líquida Urban Slu2171 Trendy,12000,Ojos,images/4907FY.jpg
50078J,Lapiz Para Cejas Beauty Glazed Profesional ..,20000,Ojos,images/50078J.jpg
710713,Kit Tijeras Y Depilador Lula,14000,Ojos,images/710713.jpg
710714,Serum Liquido Hidrante De Cejas Y Pestañas..,33000,Ojos,images/710714.jpg
71079K,Lapiz De Ojos Lula,12000,Ojos,images/71079K.jpg
71079M,Lapiz Definidor Para Cejas Lula,9500,Ojos,images/71079M.jpg
73074O,Pestañina Rs-2 Tropico Curvas Con Volúmen..,22300,Ojos,images/73074O.jpg
73074Q,Pestañina R-4 Tropico Extermadamento Volum..,22300,Ojos,images/73074Q.jpg
73074R,Pestañina V-5 Tropico Curvas Y Volúmen Ru..,20600,Ojos,images/73074R.jpg
73074S,Pestaã±Ina M-6 Tropico Alargadas Y Con Volã..,22300,Ojos,images/73074S.jpg
73075I,Pestañina Am-1 Tropico Extremadamente Volu..,,Ojos,images/73075I.jpg
73078W,Delineador Glitter 6 Tonos Colores Ruby Rose,17600,Ojos,images/73078W.jpg
73079C,Gel Voluminizador De Cejas Full Brow Ruby R..,,Ojos,images/73079C.jpg
7307AC,Lapiz Delineador Cafe Ruby Rose Eye Catchin..,15400,Ojos,images/7307AC.jpg
7307AD,Paleta Sombras Ruby Rose Radiant Eyes 12 To..,38500,Ojos,images/7307AD.jpg
7307AE,Pomada Cejas Ruby Rose Extra Brow Hazel Hb ..,18700,Ojos,images/7307AE.jpg
7307AG,Sombra Ruby Rose Twinkle Touch Individual H..,16900,Ojos,images/7307AG.jpg
7307AH,Pestañina Duo Cafe 5.3 Ml Ruby Rose,25500,Ojos,images/7307AH.jpg
7307AI,Pestañina Magenta Volumen Y Alargamiento R..,25500,Ojos,images/7307AI.jpg
7307AJ,Plumon Delineador Liner Crush Ruby Rose 1.7..,19900,Ojos,images/7307AJ.jpg
7307AK,Paleta De Sombras Pink Cherry Metamorphosis..,38900,Ojos,images/7307AK.jpg
7307AL,Pestañina Dual Negra Peel Off Ruby Rose,24000,Ojos,images/7307AL.jpg
7307AN,Paleta De Sombras E Iluminadores La Sirenit..,50000,Ojos,images/7307AN.jpg
7307AO,Pestañina Peel Off Morada La Sirenita Ruby..,24000,Ojos,images/7307AO.jpg
74071A,Kit De Cejas Polvo +Betún Y Brocha #1 Ani-K,19300,Ojos,images/74071A.jpg
74071P,Lápiz De Cejas Con Cepillo #1 Ani-K,16000,Ojos,images/74071P.jpg
74071R,Lápiz De Cejas Con Cepillo #3 Ani-K,16000,Ojos,images/74071R.jpg
74072H,Delineador Radiante Ani-K,22000,Ojos,images/74072H.jpg
74072L,Pestañina Eternal Lash Ani-K,22500,Ojos,images/74072L.jpg
74072M,Pestañina Flash Lash Ani-K,22500,Ojos,images/74072M.jpg
74072N,Pestañina Cafe Brown Paradise Ani-K - Volu..,24500,Ojos,images/74072N.jpg
74072O,Pestañina Cafe A Pueba De Agua Ani-K 12 G,24500,Ojos,images/74072O.jpg
90078Y,Delineador Plumón Profesional Og E3847,17300,Ojos,images/90078Y.jpg
90078Z,Pestañina Full Blast A Prueba De Agua -Ala..,30000,Ojos,images/90078Z.jpg
90079A,Pestañina Dramatic A Prueba De Agua-Volume..,30000,Ojos,images/90079A.jpg
90079B,Paleta De Sombras Red Clay Og,32000,Ojos,images/90079B.jpg
90079C,Paleta De Sombras Pink Cloud Og,32000,Ojos,images/90079C.jpg
90079D,Lápiz De Ojos En Gel Keep Your Balance Og,13000,Ojos,images/90079D.jpg
AB0705,Lapiz De Carbon Blanco - Bloom White Blooms..,10000,Ojos,images/AB0705.jpg
AB0706,Lapiz De Carbon Negro - Bloom Black Bloomsh..,10000,Ojos,images/AB0706.jpg
AB0709,Juicy Shell Sombra Liquida Bloomshell,14700,Ojos,images/AB0709.jpg
AB0721,Lash Exclusive Pestanina Bl-P516 Bloomshell,33200,Ojos,images/AB0721.jpg
AB0723,Pestaña Bloom Organica Premium Bl-Po223 Bl..,10000,Ojos,images/AB0723.jpg
AB0724,S1143 Sombra Luxury Bloomshell,50000,Ojos,images/AB0724.jpg
AB0730,Paleta De Sombras Bloom Nude Allure Bl-Sp41..,42000,Ojos,images/AB0730.jpg
AB0733,Lapiz De Ojos Bloomshell Coofe Bl-Bl126781,10500,Ojos,images/AB0733.jpg
AB0735,Pestañina Bloomshell Coffe Lash Exclusive ..,26000,Ojos,images/AB0735.jpg
AB0737,Sombra Individual Seductor Cremosa-Luxury B..,17900,Ojos,images/AB0737.jpg
AB0759,Sombra De Ojos Bloom Vibes Bloomshell,39000,Ojos,images/AB0759.jpg
AD0702,Gel Para Cejas Transparente Hb-8422 Melu,19500,Ojos,images/AD0702.jpg
AD0703,Jabon De Cejas Melu,17100,Ojos,images/AD0703.jpg
AD0706,Pestañina Pantera Rosa Rosada Peel Of Mel..,24900,Ojos,images/AD0706.jpg
AE0701,Pestañina I'M Girly 7.5G Girly,23600,Ojos,images/AE0701.jpg
AE0702,Pestañina Im Gyrly Cafe Girly,20000,Ojos,images/AE0702.jpg
AE0704,Plumon Delineador De Ojos Girly 1.2Ml,22000,Ojos,images/AE0704.jpg
AH0701,Gel Fijador De Cejas Kabamakeup,30000,Ojos,images/AH0701.jpg
AJ0701,A33 Delineador De Colores Ultradelgado Capp..,7400,Ojos,images/AJ0701.jpg
AM0701,Serum De Pestañas Milagros 6 Ml,44900,Ojos,images/AM0701.jpg
AP0701,Sombras Majikal All In One Face Pallet,58100,Ojos,images/AP0701.jpg
040813,Glam Black Iluminador Y Contorno Atenea,46500,Rostro,images/040813.jpg
04083E,Iluminador Sublime Atenea,33650,Rostro,images/04083E.jpg
04083G,Base 1St 50Ml Atenea,58500,Rostro,images/04083G.jpg
04083H,35G Polvo Suelto Traslucido 1St Scene Atenea,55900,Rostro,images/04083H.jpg
04089M,Atemporal Blush Palette Atenea,52900,Rostro,images/04089M.jpg
04089R,Corrector 1St Scene 10Ml Atenea,36500,Rostro,images/04089R.jpg
04089S,Paleta De Rubores Glam Black Atenea,37900,Rostro,images/04089S.jpg
0408AR,Bronzer Terranova Stick - Bronzer En Crem..,38000,Rostro,images/0408AR.jpg
0408AS,Stick Iluminador Cremoso En Barra Sunshine ..,38000,Rostro,images/0408AS.jpg
0408AT,Blush Stick Cherry Pie - Rubor En Crema A..,35600,Rostro,images/0408AT.jpg
0408AU,Mini Base 1St 30Ml Atenea,42800,Rostro,images/0408AU.jpg
0408AV,Polvo Compacto 1St Atenea,34600,Rostro,images/0408AV.jpg
0408AW,Rubor 1St Scene En Polvo Atenea,28500,Rostro,images/0408AW.jpg
0408AX,Iluminador 1St Scene En Polvo Atenea,30200,Rostro,images/0408AX.jpg
0408AY,Stick Rubor Cremoso En Barra Pink Chai Atenea,37000,Rostro,images/0408AY.jpg
0408AZ,Stick Rubor Cremoso En Barra Sugar Plum Ate..,37000,Rostro,images/0408AZ.jpg
0408BA,Stick Bronzer Cremoso En Barra Tosted Cocon..,38000,Rostro,images/0408BA.jpg
0408BB,Stick Iluminador Cremoso En Barra Taffy Ate..,37000,Rostro,images/0408BB.jpg
0408BE,Iluminador Golden Hour Atenea,41500,Rostro,images/0408BE.jpg
0408BF,Primer Para Rostro Makeup Expert Atenea,32800,Rostro,images/0408BF.jpg
0408BG,Fijador De Maquillaje 1St Scene Atenea,34600,Rostro,images/0408BG.jpg
0408BH,Rubor Liquido Atenea Collection Atenea,29200,Rostro,images/0408BH.jpg
0408BI,Allure Duo De Rubor En Crema Y Compacto Ate..,43200,Rostro,images/0408BI.jpg
0408BJ,Paleta De Polvos Compactos X9 Natural Touch..,80800,Rostro,images/0408BJ.jpg
0408BK,Serum Tinted Foundation 1St Scene 30Ml Base..,57500,Rostro,images/0408BK.jpg
0408BL,Polvo Suelto Rosado 9G 1St Scene Atenea,32000,Rostro,images/0408BL.jpg
0408BM,Sombra Cremosa En Barra Atenea,20900,Rostro,images/0408BM.jpg
0408BN,Gummy Primer + Niacinamide 30Ml Atenea,39800,Rostro,images/0408BN.jpg
0408BO,Paleta De Rubores X9 Atenea Atenea,80200,Rostro,images/0408BO.jpg
0408BP,Rubor Mousse (Espuma) 1St Scene Atenea,38000,Rostro,images/0408BP.jpg
0408BQ,Blush Stick Atenea Scarlet Fever- Rubor E..,37000,Rostro,images/0408BQ.jpg
0408BR,Polvo Matificante En Gel Atenea,43200,Rostro,images/0408BR.jpg
0408BT,Polvo Suelto Banana Atenea 30G,68000,Rostro,images/0408BT.jpg
0408BW,Rubor Nacarado Compacto Sublime 3.5G Atenea,24200,Rostro,images/0408BW.jpg
0408BY,Kit 4 En 1 Para Cejas Y Pestañas Rosado Lula,27000,Rostro,images/0408BY.jpg
0408CD,Mini Corrector Líquido 1St Scene Atenea 2Ml,20700,Rostro,images/0408CD.jpg
0408CF,Paleta De Corrector Contorno E Iluminador H..,98000,Rostro,images/0408CF.jpg
0408CG,Rubor Compacto Sublime7.5 G Atenea,38000,Rostro,images/0408CG.jpg
0408CH,Contorno Compacto Sublime 7.5G Atenea,42000,Rostro,images/0408CH.jpg
0408CI,Iluminador Compacto Sublime 7G Atenea,38000,Rostro,images/0408CI.jpg
0408CJ,Stick Bronzer Cremoso Sublime 6G Atenea,39500,Rostro,images/0408CJ.jpg
0408CK,Stick Iluminador Cremoso Sublime Fairydust ..,39500,Rostro,images/0408CK.jpg
0408CL,Stick Rubor Cremoso Sublime 6G Atenea,39500,Rostro,images/0408CL.jpg
0408CM,Bronzer Duo Allure Crema Y Compacto Atenea,42000,Rostro,images/0408CM.jpg
0D0801,Polvo Suelto Girl Boss Purpure,,Rostro,images/0D0801.jpg
0D0804,Polvo Base Girlboss Purpure,28000,Rostro,images/0D0804.jpg
0D0812,Abm232-003 Corrector Liquido Skin Secret Pu..,22600,Rostro,images/0D0812.jpg
0D0814,Polvo Suelto Rosado Purpure,26000,Rostro,images/0D0814.jpg
0G0802,Desmaquillante Frutos Verdes 75G Anyeluz,40000,Rostro,images/0G0802.jpg
0G0817,Polvo Suelto Anyeluzmakeup Pink Cake Rosado,33000,Rostro,images/0G0817.jpg
0G0818,Rubor En Barra Anyeluzmakeup Blush Stick,27600,Rostro,images/0G0818.jpg
0G0819,Contorno En Barra Anyeluzmakeup Contour Stick,23600,Rostro,images/0G0819.jpg
0G0820,Iluminador Anyeluz Compacto Angel Light 12Gr,28000,Rostro,images/0G0820.jpg
0G0821,Rubor Liquido Anyeluz Angel Blush,23500,Rostro,images/0G0821.jpg
0G0822,Base Liquida Anyeluz 38 Ml,35000,Rostro,images/0G0822.jpg
0G0823,"Paleta De Rubores, Contornos Y Rubores Glam..",35000,Rostro,images/0G0823.jpg
0G0824,Base Cremosa Dream Mousse Anyeluz,30000,Rostro,images/0G0824.jpg
0G0829,Polvo Duo Traslucido Anyeluz Bl-08,35000,Rostro,images/0G0829.jpg
110819,Polvo Compacto Vg8209 Dolce Bella,17000,Rostro,images/110819.jpg
110820,Polvo Brillante Dolce Bella Dolce Bella,20500,Rostro,images/110820.jpg
11082T,Polvo Compacto Vegano Dolce Bella,27300,Rostro,images/11082T.jpg
11082W,Corrector Liquido Con Aplicador Dolce Bella,20600,Rostro,images/11082W.jpg
11082Y,Polvo Compacto Sport Vg8208 Dolce Bella,17000,Rostro,images/11082Y.jpg
11082Z,35316 Base De Maquillaje Aterciopelada Matt..,39000,Rostro,images/11082Z.jpg
11083A,35290 Base De Maquillaje Tinta Luminosa 30 ..,39000,Rostro,images/11083A.jpg
26082O,Shimmer Shspray Feellings Miis Cosmetics,20000,Rostro,images/26082O.jpg
26082X,Sg101 Iluminador Siren Glow Miis Cosmetics ..,20000,Rostro,images/26082X.jpg
26082Z,Phd04 Corrector Colección Celestial Miis C..,12200,Rostro,images/26082Z.jpg
26083B,Bronzer Pro En Crema Miis Cosmetics,29900,Rostro,images/26083B.jpg
26083C,Rubor Cremoso Pro Miis Cosmetics,24900,Rostro,images/26083C.jpg
26083E,Primer Hidratante Pro Miis Cosmetics,35900,Rostro,images/26083E.jpg
26083F,Corrector Coleccion Pro Miis Cosmetics,21900,Rostro,images/26083F.jpg
26083G,Bfl01 Set De Rubores Liquidos X 5 Love Rush..,30300,Rostro,images/26083G.jpg
26084M,Paleta De Rubor 3 Tonos Minnie Mouse Miis C..,35000,Rostro,images/26084M.jpg
26084O,Rubor Liquido Minnie Mouse Miis Cosmetics,26900,Rostro,images/26084O.jpg
280809,Mini Polvo Suelto Soft Powder 5G Montoc,24900,Rostro,images/280809.jpg
280817,Contorno Liquido Humide Montoc,28600,Rostro,images/280817.jpg
280818,Rubor Liquido Nostaligic Montoc,27600,Rostro,images/280818.jpg
280819,Mini Dixy Fix Sellante Fijador 30Ml Montoc,29000,Rostro,images/280819.jpg
280820,Base Humide 30Ml Montoc,59900,Rostro,images/280820.jpg
280823,Paleta De Rostro Light Set Face Leticia Pal..,59800,Rostro,images/280823.jpg
280824,Rubor Humide Serum Blush Montoc,30900,Rostro,images/280824.jpg
280825,736379 Base Tinta Glow Filter 20 Ml Montoc,60000,Rostro,images/280825.jpg
280826,Iluminador Individual Light Set 6.5 G Montoc,35000,Rostro,images/280826.jpg
280827,Paleta Light Set Bronceador Rubor E Ilumina..,60000,Rostro,images/280827.jpg
280829,Bronzer Drops Light Set Montoc,33000,Rostro,images/280829.jpg
280831,Kit Profesional De Brochas De Maquillaje Fl..,58700,Rostro,images/280831.jpg
280833,Paleta Light Set Montoc Bronzer Rubor Ilumi..,59800,Rostro,images/280833.jpg
280836,Paleta Light Set Montoc Bronzer Rubor Ilumi..,59800,Rostro,images/280836.jpg
280837,Paleta Sombras Ojos Harmony 80 Gr Montoc,41000,Rostro,images/280837.jpg
280844,Rubor Cremoso Round Stick Blush Montoc,,Rostro,images/280844.jpg
280845,Fijador Dixy Fix Montoc 200Ml,79000,Rostro,images/280845.jpg
280847,Mini Fijador Dixy Fix Montoc 10 Ml,14900,Rostro,images/280847.jpg
280848,Bronzer Luminoso Hello Beach En Polvo Suelt..,17000,Rostro,images/280848.jpg
280849,Base Glow Filter Montoc 30 Ml,52000,Rostro,images/280849.jpg
280850,Rubor Liquido Glow Filter Montoc 8 Ml,44000,Rostro,images/280850.jpg
490878,Rubor E Iluminador Puppy Collection Pk12 Tr..,14000,Rostro,images/490878.jpg
49089F,Corrector Profesional 2G Trendy Magic Conce..,12000,Rostro,images/49089F.jpg
4908AH,Contorno En Crema Bronzer Stamp Bet1496 Tre..,20000,Rostro,images/4908AH.jpg
4908BP,Polvos Compactos Golden Pcf2054 Trendy,25000,Rostro,images/4908BP.jpg
4908BW,Base Aura Trendy Bat2272,30000,Rostro,images/4908BW.jpg
4908C5,Corrector De Ojeras Aura Trendy Ctt2229,,Rostro,images/4908C5.jpg
4908D5,Kit Rubor Y Gloss Pinky News 11 G Ref Kpn22..,,Rostro,images/4908D5.jpg
710802,Papel Facial Extracto De Te Verde Lula,16300,Rostro,images/710802.jpg
710818,Base Líquida Mate Lula Lula,24200,Rostro,images/710818.jpg
710820,Rubor E Iluminador Duo Lula Smb500,20000,Rostro,images/710820.jpg
710821,Iluminador En Polvo Suelto Lula 5.2G Dipl001,23000,Rostro,images/710821.jpg
710822,Contorno En Polvo Lula 5.2G Col0,18400,Rostro,images/710822.jpg
710823,Iluminador Glaseado Lula 5.2G Icl01,18400,Rostro,images/710823.jpg
710824,Rubor Satinado Lula 5.2G Rnl01,18400,Rostro,images/710824.jpg
71089G,Spray Fijador 90Ml Lula,15600,Rostro,images/71089G.jpg
71089K,Primer Pril01 Lula,24500,Rostro,images/71089K.jpg
71089L,Polvo Suelto Psbd101 Lula,20000,Rostro,images/71089L.jpg
71089M,Kit De Rizadores De Pestañas Lula Lula,34300,Rostro,images/71089M.jpg
71089N,Rubor Líquido Lula,21000,Rostro,images/71089N.jpg
71089O,Iluminador Líquido Lula,21000,Rostro,images/71089O.jpg
71089P,Polvo Suelto 4 En 1 Lula,23900,Rostro,images/71089P.jpg
73081O,Polvo Traslucido Feels Ruby Rose,32050,Rostro,images/73081O.jpg
73081P,Base Líquida Natural Look Piel Clara Ruby ..,30600,Rostro,images/73081P.jpg
73081T,Base Alta Cobertura Soft Mate Piel Clara Ru..,30000,Rostro,images/73081T.jpg
73081X,Base Líquida Natural Look Piel Media Ruby ..,30000,Rostro,images/73081X.jpg
73082M,Base Alta Cobertura Soft Mate Piel Media Ru..,30000,Rostro,images/73082M.jpg
73082N,Corrector De Alta Cobertura Piel Media Ruby..,,Rostro,images/73082N.jpg
73082U,Corrector Líquido Flawless Claro Ruby Rose,20700,Rostro,images/73082U.jpg
73082V,Corrector Líquido Flawless Media Ruby Rose,20000,Rostro,images/73082V.jpg
73083N,Base Líquida Feels Piel Clara Ruby Rose,30600,Rostro,images/73083N.jpg
73083O,Base Líquida Feels Piel Media Ruby Rose,30600,Rostro,images/73083O.jpg
73083S,Polvo Compacto Selfie Perfect Piel Media Ru..,16500,Rostro,images/73083S.jpg
73083T,Polvo Compacto Selfie Perfect Piel Oscura R..,20200,Rostro,images/73083T.jpg
73085G,Polvo Suelto Feels Banana Ruby Rose,32050,Rostro,images/73085G.jpg
73085N,Corrector Liquido Flawless Piel Oscura Ruby..,20700,Rostro,images/73085N.jpg
73085O,Blush Líquido Cheek To Cheek Ruby Rose,24800,Rostro,images/73085O.jpg
73086O,Hb-1800 Polvo Compacto Crystal Obsidian 9.6..,21500,Rostro,images/73086O.jpg
73086P,Hb-1000 Rubor Duo Compacto Obsidian 6.7 G R..,26900,Rostro,images/73086P.jpg
73086T,Base Liquida Soft Blend Metamorphosis Ruby ..,28700,Rostro,images/73086T.jpg
73086U,Polvo Compacto Ruby Rose Pure Porcelain Hb ..,18700,Rostro,images/73086U.jpg
73086W,Iluminador Compacto Metamorphosis Crystal G..,24400,Rostro,images/73086W.jpg
73086X,Iluminador Barra Metamorphosis Shine Stone..,21400,Rostro,images/73086X.jpg
73086Y,Rubor Barra Dreamy Cheeks Metamorphosis Ru..,27400,Rostro,images/73086Y.jpg
73086Z,Rubor Compacto Creamy Cheeks Ruby Rose Hb M..,20900,Rostro,images/73086Z.jpg
73087H,Base Liquida Dream Blend Metamorphosis Rub..,39900,Rostro,images/73087H.jpg
73087I,Corrector Liquido Metamorphosis Ruby Rose 5..,24900,Rostro,images/73087I.jpg
73087A,Rubor Compacto Dual Cheeks Metamorphosis Ru..,20700,Rostro,images/73087A.jpg
73087B,Contorno En Barra Sunkiss Ruby Rose Hb M200,26500,Rostro,images/73087B.jpg
73087C,Contorno Compacto Metamorphosis Amber Bronz..,20700,Rostro,images/73087C.jpg
73087D,Base En Barra Metamorphosis Ruby Rose Hb M..,22400,Rostro,images/73087D.jpg
73087F,Primer Facial Fix Linea Rosa Ruby Rose 100Ml,33900,Rostro,images/73087F.jpg
73087G,Primer Facial Fix Pitufos Ruby Rose 100Ml,35500,Rostro,images/73087G.jpg
73087K,Iluminador Compacto La Sirenita Ruby Rose 3 G,23000,Rostro,images/73087K.jpg
73087L,Rubor Líquido La Sirenita Ruby Rose,27000,Rostro,images/73087L.jpg
73087M,Polvo Suelto La Sirenita Fijador Traslúcid..,33000,Rostro,images/73087M.jpg
73087N,Primer Facial Hidratante La Sirenita Ruby R..,32000,Rostro,images/73087N.jpg
73087O,Papeletas Faciales Antigrasa La Sirenita Ru..,15000,Rostro,images/73087O.jpg
74081I,Corrector 4G Bonita Ani-K,25200,Rostro,images/74081I.jpg
74081L,Iluminador Radiante Ani-K,26000,Rostro,images/74081L.jpg
74081M,Rubor Mineralizado Ani-K,25900,Rostro,images/74081M.jpg
74081O,Rubor Bonita Ani-K,26300,Rostro,images/74081O.jpg
74081P,Base Bonita Ani-K,42000,Rostro,images/74081P.jpg
74081Q,Rubor Liquido Ani-K,26900,Rostro,images/74081Q.jpg
74081R,Iluminador Suelto Ani-K,,Rostro,images/74081R.jpg
74081S,Iluminador En Crema Compacto Ani-K,34000,Rostro,images/74081S.jpg
74081T,Contorno Liquido Ani-K,28200,Rostro,images/74081T.jpg
74081V,Polvo Suelto Bonita Ani-K,36000,Rostro,images/74081V.jpg
74081W,Papeleta Oil Control Ani-K Para Rostro,15000,Rostro,images/74081W.jpg
74081X,Rubor Serum Ani-K Flushy Blushy 10Ml,29000,Rostro,images/74081X.jpg
90084S,Base Aqua Og,35250,Rostro,images/90084S.jpg
90084U,Base Stay Mate (Piel Normal/Grasa) - Cubrim..,48000,Rostro,images/90084U.jpg
90085A,Corrector Máximo Cubrimiento Get Picture -..,26000,Rostro,images/90085A.jpg
90085G,Contorno Cremoso Aurum En Barra 7G Og,30000,Rostro,images/90085G.jpg
950812,Paleta De Iluminadores Second Base Ame,300,Rostro,images/950812.jpg
950825,Polvo Facial Stay Peach # 06 Ame,20600,Rostro,images/950825.jpg
960810,Polvo Suelto Minerals Raquel,21000,Rostro,images/960810.jpg
AB0803,Rubor Velvet Crush Bloomshell,32500,Rostro,images/AB0803.jpg
AB0804,Tono 4 Solamente Rubor Matte Blushshell Blo..,16500,Rostro,images/AB0804.jpg
AB0814,Bl-Pc5176 Bloom Fresh Polvo Compacto Traslu..,20500,Rostro,images/AB0814.jpg
AB0815,Base Bl-F1205 My Foundation 2 En 1 Bloomshell,35000,Rostro,images/AB0815.jpg
AB0822,Iluminador Bloom Glow Ig1054 Bloomshell,27000,Rostro,images/AB0822.jpg
AB0833,Matificante Bloom Oil Control Bl-Qg934 Bloo..,25000,Rostro,images/AB0833.jpg
AB0837,Rubor Floral Liquido Bl-Br800 Bloomshell,25000,Rostro,images/AB0837.jpg
AB0843,Bloom Rubor Touch Bl-Bm223366 Bloomshell - ..,16900,Rostro,images/AB0843.jpg
AB0844,Corrector Bloomshell Bl B1010 Nueva Formula..,24250,Rostro,images/AB0844.jpg
AB0845,Corrector Xl Bloomshell Bl B0808 My Conceal..,38500,Rostro,images/AB0845.jpg
AB0846,Bloom Mist Fijador Hidratante Bl-Sh805647 1..,26000,Rostro,images/AB0846.jpg
AB0850,Repuesto Bloom Cushion Blfc115 Bloomshell,15000,Rostro,images/AB0850.jpg
AB0856,Bronzer Tropical Luminoso Bloomshell Bl-Bp3..,31500,Rostro,images/AB0856.jpg
AB0857,Polvo Compacto Bloomshell Bloom Fusion Bl-B..,36500,Rostro,images/AB0857.jpg
AB0858,Rubor Luminoso Bloomshell Blush Shell Blbr41,18900,Rostro,images/AB0858.jpg
AB0864,Papel Absorbente Bloom Oil Stop Bl-Pr65098 ..,21000,Rostro,images/AB0864.jpg
AB0867,Polvo Compacto Soft Bloom Bloomshell 8G Bl-..,28600,Rostro,images/AB0867.jpg
AB0869,Mini Corrector My Concealer Bloomshell Bl-B..,16000,Rostro,images/AB0869.jpg
AB0870,Primer Facial Bloom Jelly Fusion Bloomshell,30000,Rostro,images/AB0870.jpg
AD0801,Rubor Liquido Rb-6120 Melu,24800,Rostro,images/AD0801.jpg
AD0803,Polvo Suelto Melu,32900,Rostro,images/AD0803.jpg
AD0804,Primer Pantera Rosa Melu 30Ml,32900,Rostro,images/AD0804.jpg
AD0805,Rubor Liquido Pantera Rosa Drops Melu 11Ml,27500,Rostro,images/AD0805.jpg
AD0806,Paleta Pantera Rosa Para Rostro Melu 8G,27900,Rostro,images/AD0806.jpg
AD0807,Polvo Suelto 4 Tonos Pantera Rosa Melu 18G,37900,Rostro,images/AD0807.jpg
AD0808,Iluminador Holo Shine Efecto Holográfico M..,28000,Rostro,images/AD0808.jpg
AE0801,Polvo Suelto 20G Girly,35500,Rostro,images/AE0801.jpg
AE0802,Polvo Suelto Mini 10G Girly,25600,Rostro,images/AE0802.jpg
AE0803,Rubor En Crema 4G Girly,23600,Rostro,images/AE0803.jpg
AH0801,Corrector De Ojeras Kabamakeup,37600,Rostro,images/AH0801.jpg
AO0801,Fijador De Maquillaje 120 Ml Naba Cosmetics,47900,Rostro,images/AO0801.jpg
AO0802,Fijador De Maquillaje 250 Ml Naba Cosmetics,66600,Rostro,images/AO0802.jpg
AO0803,Fijador De Maquillaje Naba Cosmetics 60Ml,34000,Rostro,images/AO0803.jpg
AO0804,Fijador Naba 30Ml,20000,Rostro,images/AO0804.jpg
AP0802,Rubor Cremoso Majikal Magic,37900,Rostro,images/AP0802.jpg
AP0803,Corrector Majikal Pure Cover 6G,33500,Rostro,images/AP0803.jpg
AP0804,Bronzer En Crema Majikal Cream Bronzer,36700,Rostro,images/AP0804.jpg
AP088P,Corrector Majikal Pure Cover Xl Grande 23G,48000,Rostro,images/AP088P.jpg
AP088Q,Polvo Suelto Traslucido Majikal 14G,48000,Rostro,images/AP088Q.jpg
AV0805,Base Tinte Fit Me Fresh Tint Spf 50 Maybell..,55150,Rostro,images/AV0805.jpg
AV0806,Base De Maquillaje Superstay Lumi-Matte May..,69600,Rostro,images/AV0806.jpg
AX0805,Base Líquida Mate Natural Vogue,30000,Rostro,images/AX0805.jpg
73060G,Balsamo Labial Lip Balm Cherry Lips + Charm..,,Otros,images/73060G.jpg
